rgprec,rrprec,srprec,svprec
0002510-A,0310027,0731008,0731008
0002510-A,0310027,0731008,0731008A
0003131,0250061,0725015,0725015
0003131,0250061,0725015,0725015A
0100001,0100001,0710004,0710004
0100001,0100001,0710004,0710004A
0100002,0100002,0100002,0100002
0100002,0100002,0100002,0100002A
0100003,0100003,0100003,0100003
0100003,0100003,0100003,0100003A
0100004,0100004,0710008,0710008
0100004,0100004,0710008,0710008A
0100005,0100005,0710004,0710004
0100005,0100005,0710004,0710004A
0100006,0100006,0100006,0100006
0100006,0100006,0100006,0100006A
0100007,0100007,0100007,0100007
0100007,0100007,0100007,0100007A
0100008,0100008,0710001,0710001
0100008,0100008,0710001,0710001A
0100009,0100009,0710001,0710001
0100009,0100009,0710001,0710001A
0100010,0100010,0710017,0710017
0100010,0100010,0710017,0710017A
0100011,0100011,0710019,0710019
0100011,0100011,0710019,0710019A
0100012,0100012,0710017,0710017
0100012,0100012,0710017,0710017A
0100013,0100013,0100013,0100013
0100013,0100013,0100013,0100013A
0100014,0100014,0710001,0710001
0100014,0100014,0710001,0710001A
0100016,0100016,0710002,0710002
0100016,0100016,0710002,0710002A
0100017,0100017,0710002,0710002
0100017,0100017,0710002,0710002A
0100018,0100018,0100018,0100018
0100018,0100018,0100018,0100018A
0100019,0100019,0100019,0100019
0100019,0100019,0100019,0100019A
0100020,0100020,0710009,0710009
0100020,0100020,0710009,0710009A
0100021,0100021,0100021,0100021
0100021,0100021,0100021,0100021A
0100022,0100022,0100022,0100022
0100022,0100022,0100022,0100022A
0100023,0100023,0710005,0710005
0100023,0100023,0710005,0710005A
0100024,0100024,0710005,0710005
0100024,0100024,0710005,0710005A
0100025,0100025,0710005,0710005
0100025,0100025,0710005,0710005A
0100026,0100026,0710006,0710006
0100026,0100026,0710006,0710006A
0100027,0100027,0710006,0710006
0100027,0100027,0710006,0710006A
0100028,0100028,0710006,0710006
0100028,0100028,0710006,0710006A
0100029,0100029,0710006,0710006
0100029,0100029,0710006,0710006A
0100030,0100030,0100030,0100030
0100030,0100030,0100030,0100030A
0100031,0100031,0100031,0100031
0100031,0100031,0100031,0100031A
0100032,0100032,0100032,0100032
0100032,0100032,0100032,0100032A
0100033,0100033,0710020,0710020
0100033,0100033,0710020,0710020A
0100034,0100034,0710031,0710031
0100034,0100034,0710031,0710031A
0100035,0100035,0710032,0710032
0100035,0100035,0710032,0710032A
0100036,0100036,0710012,0710012
0100036,0100036,0710012,0710012A
0100037,0100037,0710012,0710012
0100037,0100037,0710012,0710012A
0100038,0100038,0710020,0710020
0100038,0100038,0710020,0710020A
0100039,0100039,0710020,0710020
0100039,0100039,0710020,0710020A
0100040,0100040,0710013,0710013
0100040,0100040,0710013,0710013A
0100041,0100041,0710018,0710018
0100041,0100041,0710018,0710018A
0100042,0100042,0710018,0710018
0100042,0100042,0710018,0710018A
0100043,0100043,0710007,0710007
0100043,0100043,0710007,0710007A
0100044,0100044,0710010,0710010
0100044,0100044,0710010,0710010A
0100045,0100045,0710014,0710014
0100045,0100045,0710014,0710014A
0100046,0100046,0710007,0710007
0100046,0100046,0710007,0710007A
0100047,0100047,0710007,0710007
0100047,0100047,0710007,0710007A
0100048,0100048,0710014,0710014
0100048,0100048,0710014,0710014A
0100049,0100049,0710007,0710007
0100049,0100049,0710007,0710007A
0100050,0100050,0710010,0710010
0100050,0100050,0710010,0710010A
0100051,0100051,0710012,0710012
0100051,0100051,0710012,0710012A
0100052,0100052,0710021,0710021
0100052,0100052,0710021,0710021A
0100053,0100053,0710002,0710002
0100053,0100053,0710002,0710002A
0100054,0100054,0710034,0710034
0100054,0100054,0710034,0710034A
0100055,0100055,0710034,0710034
0100055,0100055,0710034,0710034A
0100056,0100056,0710041,0710041
0100056,0100056,0710041,0710041A
0100057,0100057,0710041,0710041
0100057,0100057,0710041,0710041A
0100058,0100058,0710034,0710034
0100058,0100058,0710034,0710034A
0100059,0100059,0710034,0710034
0100059,0100059,0710034,0710034A
0100060,0100060,0710034,0710034
0100060,0100060,0710034,0710034A
0100061,0100061,0710035,0710035
0100061,0100061,0710035,0710035A
0100062,0100062,0710022,0710022
0100062,0100062,0710022,0710022A
0100063,0100063,0710023,0710023
0100063,0100063,0710023,0710023A
0100064,0100064,0710021,0710021
0100064,0100064,0710021,0710021A
0100065,0100065,0710021,0710021
0100065,0100065,0710021,0710021A
0100066,0100066,0710012,0710012
0100066,0100066,0710012,0710012A
0100067,0100067,0710015,0710015
0100067,0100067,0710015,0710015A
0100068,0100068,0100068,0100068
0100068,0100068,0100068,0100068A
0100069,0100069,0710021,0710021
0100069,0100069,0710021,0710021A
0100070,0100070,0710012,0710012
0100070,0100070,0710012,0710012A
0100071,0100071,0710024,0710024
0100071,0100071,0710024,0710024A
0100072,0100072,0710024,0710024
0100072,0100072,0710024,0710024A
0100073,0100073,0100073,0100073
0100073,0100073,0100073,0100073A
0100074,0100074,0710021,0710021
0100074,0100074,0710021,0710021A
0100075,0100075,0710015,0710015
0100075,0100075,0710015,0710015A
0100076,0100076,0710024,0710024
0100076,0100076,0710024,0710024A
0100077,0100077,0710033,0710033
0100077,0100077,0710033,0710033A
0100078,0100078,0100078,0100078
0100078,0100078,0100078,0100078A
0100079,0100079,0710024,0710024
0100079,0100079,0710024,0710024A
0100080,0100080,0710041,0710041
0100080,0100080,0710041,0710041A
0100081,0100081,0710031,0710031
0100081,0100081,0710031,0710031A
0100082,0100082,0710031,0710031
0100082,0100082,0710031,0710031A
0100083,0100083,0710042,0710042
0100083,0100083,0710042,0710042A
0100084,0100084,0710036,0710036
0100084,0100084,0710036,0710036A
0100085,0100085,0100085,0100085
0100085,0100085,0100085,0100085A
0100086,0100086,0710023,0710023
0100086,0100086,0710023,0710023A
0100087,0100087,0710023,0710023
0100087,0100087,0710023,0710023A
0100088,0100088,0710023,0710023
0100088,0100088,0710023,0710023A
0100089,0100089,0710036,0710036
0100089,0100089,0710036,0710036A
0100090,0100090,0710036,0710036
0100090,0100090,0710036,0710036A
0100091,0100091,0710025,0710025
0100091,0100091,0710025,0710025A
0100092,0100092,0710002,0710002
0100092,0100092,0710002,0710002A
0100093,0100093,0710043,0710043
0100093,0100093,0710043,0710043A
0100094,0100094,0710001,0710001
0100094,0100094,0710001,0710001A
0100095,0100095,0710044,0710044
0100095,0100095,0710044,0710044A
0100096,0100096,0710037,0710037
0100096,0100096,0710037,0710037A
0100097,0100097,0710044,0710044
0100097,0100097,0710044,0710044A
0100098,0100098,0710025,0710025
0100098,0100098,0710025,0710025A
0100099,0100099,0710037,0710037
0100099,0100099,0710037,0710037A
0100100,0100100,0710044,0710044
0100100,0100100,0710044,0710044A
0100101,0100101,0710044,0710044
0100101,0100101,0710044,0710044A
0100102,0100102,0710025,0710025
0100102,0100102,0710025,0710025A
0100103,0100103,0710025,0710025
0100103,0100103,0710025,0710025A
0100104,0100104,0710026,0710026
0100104,0100104,0710026,0710026A
0100105,0100105,0710001,0710001
0100105,0100105,0710001,0710001A
0100106,0100106,0710001,0710001
0100106,0100106,0710001,0710001A
0100107,0100107,0100107,0100107
0100107,0100107,0100107,0100107A
0100108,0100108,0710045,0710045
0100108,0100108,0710045,0710045A
0100109,0100109,0710043,0710043
0100109,0100109,0710043,0710043A
0100110,0100110,0710043,0710043
0100110,0100110,0710043,0710043A
0100111,0100111,0710003,0710003
0100111,0100111,0710003,0710003A
0100112,0100112,0710046,0710046
0100112,0100112,0710046,0710046A
0100113,0100113,0710046,0710046
0100113,0100113,0710046,0710046A
0100114,0100114,0710047,0710047
0100114,0100114,0710047,0710047A
0100115,0100115,0710046,0710046
0100115,0100115,0710046,0710046A
0100116,0100116,0710046,0710046
0100116,0100116,0710046,0710046A
0100117,0100117,0710003,0710003
0100117,0100117,0710003,0710003A
0100118,0100118,0710046,0710046
0100118,0100118,0710046,0710046A
0100120,0100120,0710008,0710008
0100120,0100120,0710008,0710008A
0100121,0100121,0100121,0100121
0100121,0100121,0100121,0100121A
0100122,0100122,0710038,0710038
0100122,0100122,0710038,0710038A
0100123,0100123,0710038,0710038
0100123,0100123,0710038,0710038A
0100124,0100124,0710026,0710026
0100124,0100124,0710026,0710026A
0100125,0100125,0710026,0710026
0100125,0100125,0710026,0710026A
0100126,0100126,0710027,0710027
0100126,0100126,0710027,0710027A
0100127,0100127,0710027,0710027
0100127,0100127,0710027,0710027A
0100128,0100128,0710050,0710050
0100128,0100128,0710050,0710050A
0100129,0100129,0710028,0710028
0100129,0100129,0710028,0710028A
0100130,0100130,0710050,0710050
0100130,0100130,0710050,0710050A
0100131,0100131,0710026,0710026
0100131,0100131,0710026,0710026A
0100132,0100132,0710055,0710055
0100132,0100132,0710055,0710055A
0100133,0100133,0710055,0710055
0100133,0100133,0710055,0710055A
0100134,0100134,0100134,0100134
0100134,0100134,0100134,0100134A
0100135,0100135,0710055,0710055
0100135,0100135,0710055,0710055A
0100136,0100136,0710026,0710026
0100136,0100136,0710026,0710026A
0100137,0100137,0710026,0710026
0100137,0100137,0710026,0710026A
0100138,0100138,0710055,0710055
0100138,0100138,0710055,0710055A
0100139,0100139,0710028,0710028
0100139,0100139,0710028,0710028A
0100140,0100140,0710028,0710028
0100140,0100140,0710028,0710028A
0100141,0100141,0710028,0710028
0100141,0100141,0710028,0710028A
0100142,0100142,0710051,0710051
0100142,0100142,0710051,0710051A
0100143,0100143,0710050,0710050
0100143,0100143,0710050,0710050A
0100144,0100144,0710051,0710051
0100144,0100144,0710051,0710051A
0100145,0100145,0710045,0710045
0100145,0100145,0710045,0710045A
0100146,0100146,0710048,0710048
0100146,0100146,0710048,0710048A
0100147,0100147,0710048,0710048
0100147,0100147,0710048,0710048A
0100148,0100148,0710046,0710046
0100148,0100148,0710046,0710046A
0100149,0100149,0710052,0710052
0100149,0100149,0710052,0710052A
0100150,0100150,0710051,0710051
0100150,0100150,0710051,0710051A
0100151,0100151,0710053,0710053
0100151,0100151,0710053,0710053A
0100152,0100152,0710052,0710052
0100152,0100152,0710052,0710052A
0100153,0100153,0710051,0710051
0100153,0100153,0710051,0710051A
0100154,0100154,0710053,0710053
0100154,0100154,0710053,0710053A
0100155,0100155,0710053,0710053
0100155,0100155,0710053,0710053A
0100156,0100156,0710004,0710004
0100156,0100156,0710004,0710004A
0100157,0100157,0710004,0710004
0100157,0100157,0710004,0710004A
0100158,0100158,0710003,0710003
0100158,0100158,0710003,0710003A
0100159,0100159,0710011,0710011
0100159,0100159,0710011,0710011A
0100160,0100160,0710053,0710053
0100160,0100160,0710053,0710053A
0100161,0100161,0710051,0710051
0100161,0100161,0710051,0710051A
0100162,0100162,0710011,0710011
0100162,0100162,0710011,0710011A
0100163,0100163,0710007,0710007
0100163,0100163,0710007,0710007A
0100164,0100164,0100164,0100164
0100164,0100164,0100164,0100164A
0100165,0100165,0710020,0710020
0100165,0100165,0710020,0710020A
0100166,0100166,0100166,0100166
0100166,0100166,0100166,0100166A
0100167,0100167,0710039,0710039
0100167,0100167,0710039,0710039A
0100168,0100168,0710032,0710032
0100168,0100168,0710032,0710032A
0100169,0100169,0710020,0710020
0100169,0100169,0710020,0710020A
0100171,0100171,0710019,0710019
0100171,0100171,0710019,0710019A
0100172,0100172,0100172,0100172
0100172,0100172,0100172,0100172A
0100173,0100173,0100173,0100173
0100173,0100173,0100173,0100173A
0100174,0100174,0710014,0710014
0100174,0100174,0710014,0710014A
0100175,0100175,0710015,0710015
0100175,0100175,0710015,0710015A
0100176,0100176,0710021,0710021
0100176,0100176,0710021,0710021A
0100177,0100177,0100177,0100177
0100177,0100177,0100177,0100177A
0100178,0100178,0710002,0710002
0100178,0100178,0710002,0710002A
0100179,0100179,0710020,0710020
0100179,0100179,0710020,0710020A
0100180,0100180,0100180,0100180
0100180,0100180,0100180,0100180A
0100181,0100181,0710043,0710043
0100181,0100181,0710043,0710043A
0100182,0100182,0710055,0710055
0100182,0100182,0710055,0710055A
0100183,0100183,0710051,0710051
0100183,0100183,0710051,0710051A
0100184,0100184,0710053,0710053
0100184,0100184,0710053,0710053A
0100185,0100185,0710032,0710032
0100185,0100185,0710032,0710032A
0100186,0100186,0710003,0710003
0100186,0100186,0710003,0710003A
0100187,0100187,0710043,0710043
0100187,0100187,0710043,0710043A
0100188,0100188,0710022,0710022
0100188,0100188,0710022,0710022A
0100189,0100189,0710040,0710040
0100189,0100189,0710040,0710040A
0100190,0100190,0710022,0710022
0100190,0100190,0710022,0710022A
0100191,0100191,0100191,0100191
0100191,0100191,0100191,0100191A
0100192,0100192,0710029,0710029
0100192,0100192,0710029,0710029A
0100193,0100193,0710029,0710029
0100193,0100193,0710029,0710029A
0100194,0100194,0710040,0710040
0100194,0100194,0710040,0710040A
0100195,0100195,0710022,0710022
0100195,0100195,0710022,0710022A
0100196,0100196,0710022,0710022
0100196,0100196,0710022,0710022A
0100197,0100197,0710049,0710049
0100197,0100197,0710049,0710049A
0100198,0100198,0710049,0710049
0100198,0100198,0710049,0710049A
0100199,0100199,0710012,0710012
0100199,0100199,0710012,0710012A
0100200,0100200,0710054,0710054
0100200,0100200,0710054,0710054A
0100201,0100201,0710054,0710054
0100201,0100201,0710054,0710054A
0100202,0100202,0710054,0710054
0100202,0100202,0710054,0710054A
0100203,0100203,0710006,0710006
0100203,0100203,0710006,0710006A
0100204,0100204,0710004,0710004
0100204,0100204,0710004,0710004A
0100205,0100205,0710004,0710004
0100205,0100205,0710004,0710004A
0100206,0100206,0100206,0100206
0100206,0100206,0100206,0100206A
0100207,0100207,0710024,0710024
0100207,0100207,0710024,0710024A
0100208,0100208,0710045,0710045
0100208,0100208,0710045,0710045A
0100209,0100209,0710053,0710053
0100209,0100209,0710053,0710053A
0100210,0100210,0710034,0710034
0100210,0100210,0710034,0710034A
0100211,0100211,0100211,0100211
0100211,0100211,0100211,0100211A
0100212,0100212,0710023,0710023
0100212,0100212,0710023,0710023A
0100213,0100213,0710039,0710039
0100213,0100213,0710039,0710039A
0100214,0100214,0710003,0710003
0100214,0100214,0710003,0710003A
0100215,0100215,0100215,0100215
0100215,0100215,0100215,0100215A
0100216,0100216,0710003,0710003
0100216,0100216,0710003,0710003A
0100217,0100217,0100217,0100217
0100217,0100217,0100217,0100217A
0100218,0100218,0710014,0710014
0100218,0100218,0710014,0710014A
0100219,0100219,0710035,0710035
0100219,0100219,0710035,0710035A
0100220,0100220,0100220,0100220
0100220,0100220,0100220,0100220A
0100221,0100221,0710030,0710030
0100221,0100221,0710030,0710030A
0100222,0100222,0710022,0710022
0100222,0100222,0710022,0710022A
0100223,0100223,0710030,0710030
0100223,0100223,0710030,0710030A
0100224,0100224,0100224,0100224
0100224,0100224,0100224,0100224A
0100225,0100225,0710049,0710049
0100225,0100225,0710049,0710049A
0100226,0100226,0710016,0710016
0100226,0100226,0710016,0710016A
0100227,0100227,0710045,0710045
0100227,0100227,0710045,0710045A
0100228,0100228,0710045,0710045
0100228,0100228,0710045,0710045A
0100229,0100229,0710045,0710045
0100229,0100229,0710045,0710045A
0100230,0100230,0710016,0710016
0100230,0100230,0710016,0710016A
0100231,0100231,0710050,0710050
0100231,0100231,0710050,0710050A
0100232,0100232,0100232,0100232
0100232,0100232,0100232,0100232A
0100233,0100233,0710050,0710050
0100233,0100233,0710050,0710050A
0100234,0100234,0710013,0710013
0100234,0100234,0710013,0710013A
0100235,0100235,0710050,0710050
0100235,0100235,0710050,0710050A
0100236,0100236,0100236,0100236
0100236,0100236,0100236,0100236A
0100237,0100237,0100237,0100237
0100237,0100237,0100237,0100237A
0100238,0100238,0710031,0710031
0100238,0100238,0710031,0710031A
0100239,0100239,0710014,0710014
0100239,0100239,0710014,0710014A
0100240,0100240,0710056,0710056
0100240,0100240,0710056,0710056A
0100241,0100241,0100241,0100241
0100241,0100241,0100241,0100241A
0100242,0100242,0710056,0710056
0100242,0100242,0710056,0710056A
0100243,0100243,0710042,0710042
0100243,0100243,0710042,0710042A
0100244,0100244,0710042,0710042
0100244,0100244,0710042,0710042A
0100245,0100245,0710042,0710042
0100245,0100245,0710042,0710042A
0100246,0100246,0710042,0710042
0100246,0100246,0710042,0710042A
0100247,0100247,0710042,0710042
0100247,0100247,0710042,0710042A
0100248,0100248,0710047,0710047
0100248,0100248,0710047,0710047A
0100249,0100249,0710047,0710047
0100249,0100249,0710047,0710047A
0100250,0100250,0100250,0100250
0100250,0100250,0100250,0100250A
0100251,0100251,0710002,0710002
0100251,0100251,0710002,0710002A
0100252,0100252,0100252,0100252
0100252,0100252,0100252,0100252A
0100253,0100253,0100253,0100253
0100253,0100253,0100253,0100253A
0100254,0100254,0710013,0710013
0100254,0100254,0710013,0710013A
0100255,0100255,0710016,0710016
0100255,0100255,0710016,0710016A
0100256,0100256,0100256,0100256
0100256,0100256,0100256,0100256A
0100257,0100257,0710031,0710031
0100257,0100257,0710031,0710031A
0100258,0100258,0710033,0710033
0100258,0100258,0710033,0710033A
0100259,0100259,0710024,0710024
0100259,0100259,0710024,0710024A
0100260,0100260,0710032,0710032
0100260,0100260,0710032,0710032A
0100261,0100261,0710032,0710032
0100261,0100261,0710032,0710032A
0100262,0100262,0710023,0710023
0100262,0100262,0710023,0710023A
0100263,0100263,0710047,0710047
0100263,0100263,0710047,0710047A
0100264,0100264,0710038,0710038
0100264,0100264,0710038,0710038A
0100265,0100265,0710047,0710047
0100265,0100265,0710047,0710047A
0100266,0100266,0710047,0710047
0100266,0100266,0710047,0710047A
0100267,0100267,0100267,0100267
0100267,0100267,0100267,0100267A
0100268,0100268,0710055,0710055
0100268,0100268,0710055,0710055A
0100269,0100269,0710009,0710009
0100269,0100269,0710009,0710009A
0100270,0100270,0710009,0710009
0100270,0100270,0710009,0710009A
0100271,0100271,0710009,0710009
0100271,0100271,0710009,0710009A
0100272,0100272,0100272,0100272
0100272,0100272,0100272,0100272A
0110000,0110000,0711001,0711001
0110000,0110000,0711001,0711001A
0110001,0110001,0110001,0110001
0110001,0110001,0110001,0110001A
0110002,0110002,0711013,0711013
0110002,0110002,0711013,0711013A
0110003,0110003,0711014,0711014
0110003,0110003,0711014,0711014A
0110004,0110004,0711017,0711017
0110004,0110004,0711017,0711017A
0110005,0110005,0711015,0711015
0110005,0110005,0711015,0711015A
0110006,0110006,0711003,0711003
0110006,0110006,0711003,0711003A
0110007,0110007,0711002,0711002
0110007,0110007,0711002,0711002A
0110008,0110008,0711002,0711002
0110008,0110008,0711002,0711002A
0110009,0110009,0711004,0711004
0110009,0110009,0711004,0711004A
0110010,0110010,0711002,0711002
0110010,0110010,0711002,0711002A
0110011,0110011,0711005,0711005
0110011,0110011,0711005,0711005A
0110012,0110012,0711005,0711005
0110012,0110012,0711005,0711005A
0110013,0110013,0711002,0711002
0110013,0110013,0711002,0711002A
0110014,0110014,0711005,0711005
0110014,0110014,0711005,0711005A
0110015,0110015,0711005,0711005
0110015,0110015,0711005,0711005A
0110016,0110016,0711002,0711002
0110016,0110016,0711002,0711002A
0110017,0110017,0711017,0711017
0110017,0110017,0711017,0711017A
0110018,0110018,0711002,0711002
0110018,0110018,0711002,0711002A
0110019,0110019,0711009,0711009
0110019,0110019,0711009,0711009A
0110020,0110020,0711009,0711009
0110020,0110020,0711009,0711009A
0110021,0110021,0711009,0711009
0110021,0110021,0711009,0711009A
0110022,0110022,0711018,0711018
0110022,0110022,0711018,0711018A
0110023,0110023,0711018,0711018
0110023,0110023,0711018,0711018A
0110024,0110024,0711006,0711006
0110024,0110024,0711006,0711006A
0110025,0110025,0711009,0711009
0110025,0110025,0711009,0711009A
0110026,0110026,0711001,0711001
0110026,0110026,0711001,0711001A
0110027,0110027,0711016,0711016
0110027,0110027,0711016,0711016A
0110028,0110028,0711019,0711019
0110028,0110028,0711019,0711019A
0110029,0110029,0711019,0711019
0110029,0110029,0711019,0711019A
0110030,0110030,0711017,0711017
0110030,0110030,0711017,0711017A
0110031,0110031,0711017,0711017
0110031,0110031,0711017,0711017A
0110032,0110032,0711016,0711016
0110032,0110032,0711016,0711016A
0110033,0110033,0110033,0110033
0110033,0110033,0110033,0110033A
0110034,0110034,0711007,0711007
0110034,0110034,0711007,0711007A
0110035,0110035,0110035,0110035
0110035,0110035,0110035,0110035A
0110036,0110036,0711008,0711008
0110036,0110036,0711008,0711008A
0110037,0110037,0711006,0711006
0110037,0110037,0711006,0711006A
0110038,0110038,0711006,0711006
0110038,0110038,0711006,0711006A
0110039,0110039,0711014,0711014
0110039,0110039,0711014,0711014A
0110040,0110040,0711014,0711014
0110040,0110040,0711014,0711014A
0110041,0110041,0711008,0711008
0110041,0110041,0711008,0711008A
0110042,0110042,0711008,0711008
0110042,0110042,0711008,0711008A
0110043,0110043,0110043,0110043
0110043,0110043,0110043,0110043A
0110044,0110044,0711003,0711003
0110044,0110044,0711003,0711003A
0110045,0110045,0711005,0711005
0110045,0110045,0711005,0711005A
0110046,0110046,0711010,0711010
0110046,0110046,0711010,0711010A
0110047,0110047,0711010,0711010
0110047,0110047,0711010,0711010A
0110048,0110048,0711007,0711007
0110048,0110048,0711007,0711007A
0110049,0110049,0711011,0711011
0110049,0110049,0711011,0711011A
0110050,0110050,0110050,0110050
0110050,0110050,0110050,0110050A
0110051,0110051,0711013,0711013
0110051,0110051,0711013,0711013A
0110052,0110052,0110052,0110052
0110052,0110052,0110052,0110052A
0110053,0110053,0711010,0711010
0110053,0110053,0711010,0711010A
0110054,0110054,0711006,0711006
0110054,0110054,0711006,0711006A
0110055,0110055,0711006,0711006
0110055,0110055,0711006,0711006A
0110056,0110056,0711012,0711012
0110056,0110056,0711012,0711012A
0110057,0110057,0711012,0711012
0110057,0110057,0711012,0711012A
0110058,0110058,0711015,0711015
0110058,0110058,0711015,0711015A
0110059,0110059,0711014,0711014
0110059,0110059,0711014,0711014A
0110060,0110060,0711001,0711001
0110060,0110060,0711001,0711001A
0110061,0110061,0711001,0711001
0110061,0110061,0711001,0711001A
0110062,0110062,0711003,0711003
0110062,0110062,0711003,0711003A
0110063,0110063,0110063,0110063
0110063,0110063,0110063,0110063A
0110064,0110064,0711005,0711005
0110064,0110064,0711005,0711005A
0110065,0110065,0711015,0711015
0110065,0110065,0711015,0711015A
0110066,0110066,0110066,0110066
0110066,0110066,0110066,0110066A
0110067,0110067,0711015,0711015
0110067,0110067,0711015,0711015A
0110068,0110068,0711001,0711001
0110068,0110068,0711001,0711001A
0110069,0110069,0711009,0711009
0110069,0110069,0711009,0711009A
0110070,0110070,0711008,0711008
0110070,0110070,0711008,0711008A
0110071,0110071,0711008,0711008
0110071,0110071,0711008,0711008A
0110072,0110072,0110072,0110072
0110072,0110072,0110072,0110072A
0110073,0110073,0711004,0711004
0110073,0110073,0711004,0711004A
0110075,0110075,0711008,0711008
0110075,0110075,0711008,0711008A
0110076,0110076,0711006,0711006
0110076,0110076,0711006,0711006A
0110077,0110077,0711003,0711003
0110077,0110077,0711003,0711003A
0110078,0110078,0110078,0110078
0110078,0110078,0110078,0110078A
0110079,0110079,0711001,0711001
0110079,0110079,0711001,0711001A
0110080,0110080,0711014,0711014
0110080,0110080,0711014,0711014A
0110081,0110081,0711010,0711010
0110081,0110081,0711010,0711010A
0110082,0110082,0110082,0110082
0110082,0110082,0110082,0110082A
0110083,0110083,0110083,0110083
0110083,0110083,0110083,0110083A
0110084,0110084,0711011,0711011
0110084,0110084,0711011,0711011A
0110085,0110085,0711009,0711009
0110085,0110085,0711009,0711009A
0180001,0180001,0718001,0718001
0180001,0180001,0718001,0718001A
0180002,0180002,0718001,0718001
0180002,0180002,0718001,0718001A
0180003,0180003,0718005,0718005
0180003,0180003,0718005,0718005A
0180004,0180004,0718002,0718002
0180004,0180004,0718002,0718002A
0180005,0180005,0718005,0718005
0180005,0180005,0718005,0718005A
0180006,0180006,0718001,0718001
0180006,0180006,0718001,0718001A
0180007,0180007,0718003,0718003
0180007,0180007,0718003,0718003A
0180008,0180008,0718003,0718003
0180008,0180008,0718003,0718003A
0180009,0180009,0718003,0718003
0180009,0180009,0718003,0718003A
0180010,0180010,0718001,0718001
0180010,0180010,0718001,0718001A
0180011,0180011,0718002,0718002
0180011,0180011,0718002,0718002A
0180012,0180012,0718004,0718004
0180012,0180012,0718004,0718004A
0180013,0180013,0718002,0718002
0180013,0180013,0718002,0718002A
0180014,0180014,0718001,0718001
0180014,0180014,0718001,0718001A
0180015,0180015,0718001,0718001
0180015,0180015,0718001,0718001A
0180016,0180016,0718002,0718002
0180016,0180016,0718002,0718002A
0180017,0180017,0180017,0180017
0180017,0180017,0180017,0180017A
0180018,0180018,0718004,0718004
0180018,0180018,0718004,0718004A
0180019,0180019,0718004,0718004
0180019,0180019,0718004,0718004A
0180020,0180020,0718003,0718003
0180020,0180020,0718003,0718003A
0180021,0180021,0718002,0718002
0180021,0180021,0718002,0718002A
0180022,0180022,0718004,0718004
0180022,0180022,0718004,0718004A
0180023,0180023,0718004,0718004
0180023,0180023,0718004,0718004A
0180024,0180024,0718004,0718004
0180024,0180024,0718004,0718004A
0200001,0200001,0720007,0720007
0200001,0200001,0720007,0720007A
0200002,0200002,0720008,0720008
0200002,0200002,0720008,0720008A
0200003,0200003,0720008,0720008
0200003,0200003,0720008,0720008A
0200004,0200004,0720008,0720008
0200004,0200004,0720008,0720008A
0200005,0200005,0720008,0720008
0200005,0200005,0720008,0720008A
0200006,0200006,0720011,0720011
0200006,0200006,0720011,0720011A
0200007,0200007,0720011,0720011
0200007,0200007,0720011,0720011A
0200008,0200008,0720012,0720012
0200008,0200008,0720012,0720012A
0200009,0200009,0720014,0720014
0200009,0200009,0720014,0720014A
0200010,0200010,0720015,0720015
0200010,0200010,0720015,0720015A
0200011,0200011,0720014,0720014
0200011,0200011,0720014,0720014A
0200012,0200012,0720015,0720015
0200012,0200012,0720015,0720015A
0200013,0200013,0720012,0720012
0200013,0200013,0720012,0720012A
0200014,0200014,0720018,0720018
0200014,0200014,0720018,0720018A
0200015,0200015,0720012,0720012
0200015,0200015,0720012,0720012A
0200016,0200016,0720012,0720012
0200016,0200016,0720012,0720012A
0200017,0200017,0720012,0720012
0200017,0200017,0720012,0720012A
0200018,0200018,0720009,0720009
0200018,0200018,0720009,0720009A
0200019,0200019,0720009,0720009
0200019,0200019,0720009,0720009A
0200020,0200020,0720019,0720019
0200020,0200020,0720019,0720019A
0200021,0200021,0720019,0720019
0200021,0200021,0720019,0720019A
0200022,0200022,0720019,0720019
0200022,0200022,0720019,0720019A
0200023,0200023,0720015,0720015
0200023,0200023,0720015,0720015A
0200024,0200024,0720016,0720016
0200024,0200024,0720016,0720016A
0200025,0200025,0720015,0720015
0200025,0200025,0720015,0720015A
0200026,0200026,0720016,0720016
0200026,0200026,0720016,0720016A
0200027,0200027,0720011,0720011
0200027,0200027,0720011,0720011A
0200028,0200028,0200028,0200028
0200028,0200028,0200028,0200028A
0200029,0200029,0720008,0720008
0200029,0200029,0720008,0720008A
0200030,0200030,0720010,0720010
0200030,0200030,0720010,0720010A
0200031,0200031,0720010,0720010
0200031,0200031,0720010,0720010A
0200032,0200032,0720020,0720020
0200032,0200032,0720020,0720020A
0200033,0200033,0200033,0200033
0200033,0200033,0200033,0200033A
0200034,0200034,0200034,0200034
0200034,0200034,0200034,0200034A
0200035,0200035,0720021,0720021
0200035,0200035,0720021,0720021A
0200036,0200036,0720021,0720021
0200036,0200036,0720021,0720021A
0200037,0200037,0720005,0720005
0200037,0200037,0720005,0720005A
0200038,0200038,0720005,0720005
0200038,0200038,0720005,0720005A
0200039,0200039,0720005,0720005
0200039,0200039,0720005,0720005A
0200040,0200040,0720005,0720005
0200040,0200040,0720005,0720005A
0200041,0200041,0720005,0720005
0200041,0200041,0720005,0720005A
0200042,0200042,0200042,0200042
0200042,0200042,0200042,0200042A
0200043,0200043,0720013,0720013
0200043,0200043,0720013,0720013A
0200044,0200044,0720023,0720023
0200044,0200044,0720023,0720023A
0200045,0200045,0720003,0720003
0200045,0200045,0720003,0720003A
0200046,0200046,0720003,0720003
0200046,0200046,0720003,0720003A
0200047,0200047,0720003,0720003
0200047,0200047,0720003,0720003A
0200048,0200048,0720023,0720023
0200048,0200048,0720023,0720023A
0200049,0200049,0720003,0720003
0200049,0200049,0720003,0720003A
0200050,0200050,0720023,0720023
0200050,0200050,0720023,0720023A
0200051,0200051,0720025,0720025
0200051,0200051,0720025,0720025A
0200052,0200052,0720025,0720025
0200052,0200052,0720025,0720025A
0200053,0200053,0720026,0720026
0200053,0200053,0720026,0720026A
0200054,0200054,0200054,0200054
0200054,0200054,0200054,0200054A
0200055,0200055,0200055,0200055
0200055,0200055,0200055,0200055A
0200056,0200056,0720027,0720027
0200056,0200056,0720027,0720027A
0200057,0200057,0720027,0720027
0200057,0200057,0720027,0720027A
0200058,0200058,0720011,0720011
0200058,0200058,0720011,0720011A
0200059,0200059,0720024,0720024
0200059,0200059,0720024,0720024A
0200060,0200060,0720028,0720028
0200060,0200060,0720028,0720028A
0200061,0200061,0720029,0720029
0200061,0200061,0720029,0720029A
0200062,0200062,0720017,0720017
0200062,0200062,0720017,0720017A
0200063,0200063,0720029,0720029
0200063,0200063,0720029,0720029A
0200064,0200064,0720029,0720029
0200064,0200064,0720029,0720029A
0200065,0200065,0720017,0720017
0200065,0200065,0720017,0720017A
0200066,0200066,0720029,0720029
0200066,0200066,0720029,0720029A
0200067,0200067,0720029,0720029
0200067,0200067,0720029,0720029A
0200068,0200068,0720001,0720001
0200068,0200068,0720001,0720001A
0200069,0200069,0720024,0720024
0200069,0200069,0720024,0720024A
0200070,0200070,0720029,0720029
0200070,0200070,0720029,0720029A
0200071,0200071,0720018,0720018
0200071,0200071,0720018,0720018A
0200072,0200072,0720010,0720010
0200072,0200072,0720010,0720010A
0200073,0200073,0720006,0720006
0200073,0200073,0720006,0720006A
0200074,0200074,0720006,0720006
0200074,0200074,0720006,0720006A
0200075,0200075,0720006,0720006
0200075,0200075,0720006,0720006A
0200076,0200076,0720006,0720006
0200076,0200076,0720006,0720006A
0200077,0200077,0720005,0720005
0200077,0200077,0720005,0720005A
0200078,0200078,0720023,0720023
0200078,0200078,0720023,0720023A
0200079,0200079,0720026,0720026
0200079,0200079,0720026,0720026A
0200080,0200080,0720017,0720017
0200080,0200080,0720017,0720017A
0200081,0200081,0200081,0200081
0200081,0200081,0200081,0200081A
0200082,0200082,0720027,0720027
0200082,0200082,0720027,0720027A
0200083,0200083,0720027,0720027
0200083,0200083,0720027,0720027A
0200084,0200084,0720028,0720028
0200084,0200084,0720028,0720028A
0200085,0200085,0720028,0720028
0200085,0200085,0720028,0720028A
0200086,0200086,0720028,0720028
0200086,0200086,0720028,0720028A
0200087,0200087,0200087,0200087
0200087,0200087,0200087,0200087A
0200088,0200088,0720022,0720022
0200088,0200088,0720022,0720022A
0200089,0200089,0720031,0720031
0200089,0200089,0720031,0720031A
0200090,0200090,0720032,0720032
0200090,0200090,0720032,0720032A
0200091,0200091,0720033,0720033
0200091,0200091,0720033,0720033A
0200092,0200092,0720008,0720008
0200092,0200092,0720008,0720008A
0200093,0200093,0720011,0720011
0200093,0200093,0720011,0720011A
0200094,0200094,0720033,0720033
0200094,0200094,0720033,0720033A
0200095,0200095,0720034,0720034
0200095,0200095,0720034,0720034A
0200096,0200096,0720030,0720030
0200096,0200096,0720030,0720030A
0200097,0200097,0720030,0720030
0200097,0200097,0720030,0720030A
0200098,0200098,0720019,0720019
0200098,0200098,0720019,0720019A
0200099,0200099,0720022,0720022
0200099,0200099,0720022,0720022A
0200100,0200100,0200100,0200100
0200100,0200100,0200100,0200100A
0200101,0200101,0200101,0200101
0200101,0200101,0200101,0200101A
0200102,0200102,0720002,0720002
0200102,0200102,0720002,0720002A
0200103,0200103,0720002,0720002
0200103,0200103,0720002,0720002A
0200104,0200104,0720035,0720035
0200104,0200104,0720035,0720035A
0200105,0200105,0720031,0720031
0200105,0200105,0720031,0720031A
0200106,0200106,0720034,0720034
0200106,0200106,0720034,0720034A
0200107,0200107,0720032,0720032
0200107,0200107,0720032,0720032A
0200108,0200108,0200108,0200108
0200108,0200108,0200108,0200108A
0200109,0200109,0200109,0200109
0200109,0200109,0200109,0200109A
0200110,0200110,0720007,0720007
0200110,0200110,0720007,0720007A
0200111,0200111,0720011,0720011
0200111,0200111,0720011,0720011A
0200112,0200112,0720012,0720012
0200112,0200112,0720012,0720012A
0200113,0200113,0720020,0720020
0200113,0200113,0720020,0720020A
0200114,0200114,0720020,0720020
0200114,0200114,0720020,0720020A
0200115,0200115,0720025,0720025
0200115,0200115,0720025,0720025A
0200116,0200116,0720026,0720026
0200116,0200116,0720026,0720026A
0200117,0200117,0200117,0200117
0200117,0200117,0200117,0200117A
0200118,0200118,0720004,0720004
0200118,0200118,0720004,0720004A
0200119,0200119,0720004,0720004
0200119,0200119,0720004,0720004A
0200120,0200120,0720004,0720004
0200120,0200120,0720004,0720004A
0200121,0200121,0720016,0720016
0200121,0200121,0720016,0720016A
0200122,0200122,0720016,0720016
0200122,0200122,0720016,0720016A
0200123,0200123,0720001,0720001
0200123,0200123,0720001,0720001A
0200124,0200124,0720001,0720001
0200124,0200124,0720001,0720001A
0200125,0200125,0720035,0720035
0200125,0200125,0720035,0720035A
0200126,0200126,0720022,0720022
0200126,0200126,0720022,0720022A
0200127,0200127,0720019,0720019
0200127,0200127,0720019,0720019A
0200128,0200128,0720019,0720019
0200128,0200128,0720019,0720019A
0200129,0200129,0200129,0200129
0200129,0200129,0200129,0200129A
0200130,0200130,0200130,0200130
0200130,0200130,0200130,0200130A
0200131,0200131,0720013,0720013
0200131,0200131,0720013,0720013A
0200132,0200132,0720013,0720013
0200132,0200132,0720013,0720013A
0200133,0200133,0720026,0720026
0200133,0200133,0720026,0720026A
0200134,0200134,0200134,0200134
0200134,0200134,0200134,0200134A
0200135,0200135,0200135,0200135
0200135,0200135,0200135,0200135A
0200136,0200136,0200136,0200136
0200136,0200136,0200136,0200136A
0200137,0200137,0720003,0720003
0200137,0200137,0720003,0720003A
0200138,0200138,0720003,0720003
0200138,0200138,0720003,0720003A
0200139,0200139,0200139,0200139
0200139,0200139,0200139,0200139A
0200140,0200140,0720015,0720015
0200140,0200140,0720015,0720015A
0200141,0200141,0720032,0720032
0200141,0200141,0720032,0720032A
0200142,0200142,0720007,0720007
0200142,0200142,0720007,0720007A
0200143,0200143,0720009,0720009
0200143,0200143,0720009,0720009A
0200144,0200144,0720014,0720014
0200144,0200144,0720014,0720014A
0200145,0200145,0720010,0720010
0200145,0200145,0720010,0720010A
0200146,0200146,0200146,0200146
0200146,0200146,0200146,0200146A
0200147,0200147,0720025,0720025
0200147,0200147,0720025,0720025A
0200148,0200148,0720013,0720013
0200148,0200148,0720013,0720013A
0200149,0200149,0720023,0720023
0200149,0200149,0720023,0720023A
0200150,0200150,0720020,0720020
0200150,0200150,0720020,0720020A
0230001,0230001,0723001,0723001
0230001,0230001,0723001,0723001A
0230002,0230002,0723002,0723002
0230002,0230002,0723002,0723002A
0230003,0230003,0723002,0723002
0230003,0230003,0723002,0723002A
0230004,0230004,0723003,0723003
0230004,0230004,0723003,0723003A
0230005,0230005,0723004,0723004
0230005,0230005,0723004,0723004A
0230006,0230006,0723003,0723003
0230006,0230006,0723003,0723003A
0230007,0230007,0723004,0723004
0230007,0230007,0723004,0723004A
0230008,0230008,0723002,0723002
0230008,0230008,0723002,0723002A
0230009,0230009,0723002,0723002
0230009,0230009,0723002,0723002A
0230010,0230010,0723001,0723001
0230010,0230010,0723001,0723001A
0230011,0230011,0723001,0723001
0230011,0230011,0723001,0723001A
0230012,0230012,0723003,0723003
0230012,0230012,0723003,0723003A
0230013,0230013,0723003,0723003
0230013,0230013,0723003,0723003A
0230014,0230014,0723003,0723003
0230014,0230014,0723003,0723003A
0250001,0250001,0725001,0725001
0250001,0250001,0725001,0725001A
0250002,0250002,0725004,0725004
0250002,0250002,0725004,0725004A
0250003,0250003,0250003,0250003
0250003,0250003,0250003,0250003A
0250004,0250004,0250004,0250004
0250004,0250004,0250004,0250004A
0250005,0250005,0250005,0250005
0250005,0250005,0250005,0250005A
0250006,0250006,0250006,0250006
0250006,0250006,0250006,0250006A
0250007,0250007,0725012,0725012
0250007,0250007,0725012,0725012A
0250008,0250008,0725005,0725005
0250008,0250008,0725005,0725005A
0250009,0250009,0250009,0250009
0250009,0250009,0250009,0250009A
0250010,0250010,0725005,0725005
0250010,0250010,0725005,0725005A
0250011,0250011,0250011,0250011
0250011,0250011,0250011,0250011A
0250012,0250012,0250012,0250012
0250012,0250012,0250012,0250012A
0250013,0250013,0725013,0725013
0250013,0250013,0725013,0725013A
0250014,0250014,0250014,0250014
0250014,0250014,0250014,0250014A
0250015,0250015,0725007,0725007
0250015,0250015,0725007,0725007A
0250016,0250016,0250016,0250016
0250016,0250016,0250016,0250016A
0250017,0250017,0725012,0725012
0250017,0250017,0725012,0725012A
0250018,0250018,0250018,0250018
0250018,0250018,0250018,0250018A
0250019,0250019,0250019,0250019
0250019,0250019,0250019,0250019A
0250020,0250020,0250020,0250020
0250020,0250020,0250020,0250020A
0250021,0250021,0725001,0725001
0250021,0250021,0725001,0725001A
0250022,0250022,0250022,0250022
0250022,0250022,0250022,0250022A
0250023,0250023,0725015,0725015
0250023,0250023,0725015,0725015A
0250024,0250024,0725011,0725011
0250024,0250024,0725011,0725011A
0250025,0250025,0250025,0250025
0250025,0250025,0250025,0250025A
0250026,0250026,0725011,0725011
0250026,0250026,0725011,0725011A
0250027,0250027,0725002,0725002
0250027,0250027,0725002,0725002A
0250028,0250028,0725001,0725001
0250028,0250028,0725001,0725001A
0250029,0250029,0725001,0725001
0250029,0250029,0725001,0725001A
0250030,0250030,0725007,0725007
0250030,0250030,0725007,0725007A
0250031,0250031,0725009,0725009
0250031,0250031,0725009,0725009A
0250032,0250032,0725008,0725008
0250032,0250032,0725008,0725008A
0250033,0250033,0725009,0725009
0250033,0250033,0725009,0725009A
0250034,0250034,0250034,0250034
0250034,0250034,0250034,0250034A
0250035,0250035,0250035,0250035
0250035,0250035,0250035,0250035A
0250036,0250036,0725003,0725003
0250036,0250036,0725003,0725003A
0250037,0250037,0725016,0725016
0250037,0250037,0725016,0725016A
0250038,0250038,0250038,0250038
0250038,0250038,0250038,0250038A
0250039,0250039,0725001,0725001
0250039,0250039,0725001,0725001A
0250040,0250040,0725003,0725003
0250040,0250040,0725003,0725003A
0250041,0250041,0250041,0250041
0250041,0250041,0250041,0250041A
0250042,0250042,0725016,0725016
0250042,0250042,0725016,0725016A
0250043,0250043,0725006,0725006
0250043,0250043,0725006,0725006A
0250044,0250044,0725006,0725006
0250044,0250044,0725006,0725006A
0250045,0250045,0725008,0725008
0250045,0250045,0725008,0725008A
0250046,0250046,0250046,0250046
0250046,0250046,0250046,0250046A
0250047,0250047,0250047,0250047
0250047,0250047,0250047,0250047A
0250048,0250048,0725010,0725010
0250048,0250048,0725010,0725010A
0250049,0250049,0250049,0250049
0250049,0250049,0250049,0250049A
0250050,0250050,0725010,0725010
0250050,0250050,0725010,0725010A
0250051,0250051,0250051,0250051
0250051,0250051,0250051,0250051A
0250052,0250052,0725006,0725006
0250052,0250052,0725006,0725006A
0250053,0250053,0725014,0725014
0250053,0250053,0725014,0725014A
0250054,0250054,0725013,0725013
0250054,0250054,0725013,0725013A
0250055,0250055,0725013,0725013
0250055,0250055,0725013,0725013A
0250056,0250056,0725014,0725014
0250056,0250056,0725014,0725014A
0250057,0250057,0725013,0725013
0250057,0250057,0725013,0725013A
0250058,0250058,0725016,0725016
0250058,0250058,0725016,0725016A
0250059,0250059,0725016,0725016
0250059,0250059,0725016,0725016A
0250060,0250060,0725011,0725011
0250060,0250060,0725011,0725011A
0250061,0250061,0725015,0725015
0250061,0250061,0725015,0725015A
0250062,0250062,0725004,0725004
0250062,0250062,0725004,0725004A
0250063,0250063,0725005,0725005
0250063,0250063,0725005,0725005A
0250064,0250064,0725016,0725016
0250064,0250064,0725016,0725016A
0250065,0250065,0250065,0250065
0250065,0250065,0250065,0250065A
0250066,0250066,0725007,0725007
0250066,0250066,0725007,0725007A
0250067,0250067,0725001,0725001
0250067,0250067,0725001,0725001A
0250068,0250068,0725002,0725002
0250068,0250068,0725002,0725002A
0260001,0260001,0726001,0726001
0260001,0260001,0726001,0726001A
0260002,0260002,0726004,0726004
0260002,0260002,0726004,0726004A
0260003,0260003,0726002,0726002
0260003,0260003,0726002,0726002A
0260004,0260004,0726006,0726006
0260004,0260004,0726006,0726006A
0260005,0260005,0726004,0726004
0260005,0260005,0726004,0726004A
0260006,0260006,0726001,0726001
0260006,0260006,0726001,0726001A
0260007,0260007,0726003,0726003
0260007,0260007,0726003,0726003A
0260008,0260008,0726002,0726002
0260008,0260008,0726002,0726002A
0260009,0260009,0726004,0726004
0260009,0260009,0726004,0726004A
0260010,0260010,0726004,0726004
0260010,0260010,0726004,0726004A
0260011,0260011,0726005,0726005
0260011,0260011,0726005,0726005A
0260012,0260012,0726005,0726005
0260012,0260012,0726005,0726005A
0260013,0260013,0726004,0726004
0260013,0260013,0726004,0726004A
0260014,0260014,0726005,0726005
0260014,0260014,0726005,0726005A
0260015,0260015,0726002,0726002
0260015,0260015,0726002,0726002A
0260016,0260016,0726001,0726001
0260016,0260016,0726001,0726001A
0260017,0260017,0726001,0726001
0260017,0260017,0726001,0726001A
0260018,0260018,0726003,0726003
0260018,0260018,0726003,0726003A
0260019,0260019,0726001,0726001
0260019,0260019,0726001,0726001A
0260020,0260020,0726002,0726002
0260020,0260020,0726002,0726002A
0260021,0260021,0726002,0726002
0260021,0260021,0726002,0726002A
0260022,0260022,0726006,0726006
0260022,0260022,0726006,0726006A
0300001,0300001,0730001,0730001
0300001,0300001,0730001,0730001A
0300002,0300002,0730001,0730001
0300002,0300002,0730001,0730001A
0300003,0300003,0300003,0300003
0300003,0300003,0300003,0300003A
0300004,0300004,0300004,0300004
0300004,0300004,0300004,0300004A
0300005,0300005,0300005,0300005
0300005,0300005,0300005,0300005A
0300006,0300006,0730001,0730001
0300006,0300006,0730001,0730001A
0300007,0300007,0300007,0300007
0300007,0300007,0300007,0300007A
0300008,0300008,0730002,0730002
0300008,0300008,0730002,0730002A
0300009,0300009,0730002,0730002
0300009,0300009,0730002,0730002A
0300010,0300010,0730003,0730003
0300010,0300010,0730003,0730003A
0300011,0300011,0300011,0300011
0300011,0300011,0300011,0300011A
0300012,0300012,0730005,0730005
0300012,0300012,0730005,0730005A
0300013,0300013,0730004,0730004
0300013,0300013,0730004,0730004A
0300014,0300014,0730004,0730004
0300014,0300014,0730004,0730004A
0300015,0300015,0730003,0730003
0300015,0300015,0730003,0730003A
0300016,0300016,0730004,0730004
0300016,0300016,0730004,0730004A
0300017,0300017,0730004,0730004
0300017,0300017,0730004,0730004A
0300018,0300018,0730004,0730004
0300018,0300018,0730004,0730004A
0300019,0300019,0300019,0300019
0300019,0300019,0300019,0300019A
0300020,0300020,0300020,0300020
0300020,0300020,0300020,0300020A
0300021,0300021,0730003,0730003
0300021,0300021,0730003,0730003A
0300022,0300022,0730003,0730003
0300022,0300022,0730003,0730003A
0300023,0300023,0730003,0730003
0300023,0300023,0730003,0730003A
0300024,0300024,0730005,0730005
0300024,0300024,0730005,0730005A
0300025,0300025,0300025,0300025
0300025,0300025,0300025,0300025A
0310001,0310001,0731001,0731001
0310001,0310001,0731001,0731001A
0310002,0310002,0731002,0731002
0310002,0310002,0731002,0731002A
0310003,0310003,0731003,0731003
0310003,0310003,0731003,0731003A
0310004,0310004,0310004,0310004
0310004,0310004,0310004,0310004A
0310005,0310005,0731004,0731004
0310005,0310005,0731004,0731004A
0310006,0310006,0731004,0731004
0310006,0310006,0731004,0731004A
0310007,0310007,0731002,0731002
0310007,0310007,0731002,0731002A
0310008,0310008,0731002,0731002
0310008,0310008,0731002,0731002A
0310009,0310009,0310009,0310009
0310009,0310009,0310009,0310009A
0310010,0310010,0731002,0731002
0310010,0310010,0731002,0731002A
0310011,0310011,0731005,0731005
0310011,0310011,0731005,0731005A
0310012,0310012,0731001,0731001
0310012,0310012,0731001,0731001A
0310013,0310013,0731001,0731001
0310013,0310013,0731001,0731001A
0310014,0310014,0731004,0731004
0310014,0310014,0731004,0731004A
0310015,0310015,0731005,0731005
0310015,0310015,0731005,0731005A
0310016,0310016,0310016,0310016
0310016,0310016,0310016,0310016A
0310017,0310017,0731002,0731002
0310017,0310017,0731002,0731002A
0310018,0310018,0731007,0731007
0310018,0310018,0731007,0731007A
0310019,0310019,0731004,0731004
0310019,0310019,0731004,0731004A
0310020,0310020,0731007,0731007
0310020,0310020,0731007,0731007A
0310021,0310021,0731002,0731002
0310021,0310021,0731002,0731002A
0310022,0310022,0310022,0310022
0310022,0310022,0310022,0310022A
0310023,0310023,0310023,0310023
0310023,0310023,0310023,0310023A
0310024,0310024,0310024,0310024
0310024,0310024,0310024,0310024A
0310025,0310025,0310025,0310025
0310025,0310025,0310025,0310025A
0310026,0310026,0731008,0731008
0310026,0310026,0731008,0731008A
0310027,0310027,0731008,0731008
0310027,0310027,0731008,0731008A
0310028,0310028,0731008,0731008
0310028,0310028,0731008,0731008A
0310029,0310029,0731011,0731011
0310029,0310029,0731011,0731011A
0310030,0310030,0731011,0731011
0310030,0310030,0731011,0731011A
0310031,0310031,0731009,0731009
0310031,0310031,0731009,0731009A
0310032,0310032,0731005,0731005
0310032,0310032,0731005,0731005A
0310033,0310033,0731010,0731010
0310033,0310033,0731010,0731010A
0310034,0310034,0731010,0731010
0310034,0310034,0731010,0731010A
0310035,0310035,0731014,0731014
0310035,0310035,0731014,0731014A
0310036,0310036,0731014,0731014
0310036,0310036,0731014,0731014A
0310037,0310037,0731014,0731014
0310037,0310037,0731014,0731014A
0310038,0310038,0731014,0731014
0310038,0310038,0731014,0731014A
0310039,0310039,0731005,0731005
0310039,0310039,0731005,0731005A
0310040,0310040,0731015,0731015
0310040,0310040,0731015,0731015A
0310041,0310041,0731015,0731015
0310041,0310041,0731015,0731015A
0310042,0310042,0731016,0731016
0310042,0310042,0731016,0731016A
0310043,0310043,0731016,0731016
0310043,0310043,0731016,0731016A
0310044,0310044,0731009,0731009
0310044,0310044,0731009,0731009A
0310045,0310045,0731003,0731003
0310045,0310045,0731003,0731003A
0310046,0310046,0731012,0731012
0310046,0310046,0731012,0731012A
0310047,0310047,0731012,0731012
0310047,0310047,0731012,0731012A
0310048,0310048,0731012,0731012
0310048,0310048,0731012,0731012A
0310049,0310049,0731013,0731013
0310049,0310049,0731013,0731013A
0310050,0310050,0731009,0731009
0310050,0310050,0731009,0731009A
0310051,0310051,0731008,0731008
0310051,0310051,0731008,0731008A
0310052,0310052,0310052,0310052
0310052,0310052,0310052,0310052A
0310053,0310053,0731006,0731006
0310053,0310053,0731006,0731006A
0310054,0310054,0731006,0731006
0310054,0310054,0731006,0731006A
0310055,0310055,0731013,0731013
0310055,0310055,0731013,0731013A
0360001,0360001,0736001,0736001
0360001,0360001,0736001,0736001A
0360002,0360002,0736003,0736003
0360002,0360002,0736003,0736003A
0360003,0360003,0736002,0736002
0360003,0360003,0736002,0736002A
0360004,0360004,0736005,0736005
0360004,0360004,0736005,0736005A
0360005,0360005,0736004,0736004
0360005,0360005,0736004,0736004A
0360006,0360006,0736008,0736008
0360006,0360006,0736008,0736008A
0360007,0360007,0736003,0736003
0360007,0360007,0736003,0736003A
0360008,0360008,0736009,0736009
0360008,0360008,0736009,0736009A
0360009,0360009,0736006,0736006
0360009,0360009,0736006,0736006A
0360010,0360010,0360010,0360010
0360010,0360010,0360010,0360010A
0360011,0360011,0736009,0736009
0360011,0360011,0736009,0736009A
0360012,0360012,0736005,0736005
0360012,0360012,0736005,0736005A
0360013,0360013,0736002,0736002
0360013,0360013,0736002,0736002A
0360014,0360014,0736004,0736004
0360014,0360014,0736004,0736004A
0360015,0360015,0736009,0736009
0360015,0360015,0736009,0736009A
0360016,0360016,0736010,0736010
0360016,0360016,0736010,0736010A
0360017,0360017,0736005,0736005
0360017,0360017,0736005,0736005A
0360018,0360018,0736002,0736002
0360018,0360018,0736002,0736002A
0360019,0360019,0736006,0736006
0360019,0360019,0736006,0736006A
0360020,0360020,0360020,0360020
0360020,0360020,0360020,0360020A
0360021,0360021,0736001,0736001
0360021,0360021,0736001,0736001A
0360022,0360022,0736007,0736007
0360022,0360022,0736007,0736007A
0360023,0360023,0736007,0736007
0360023,0360023,0736007,0736007A
0360024,0360024,0736003,0736003
0360024,0360024,0736003,0736003A
0360025,0360025,0736002,0736002
0360025,0360025,0736002,0736002A
0360026,0360026,0736006,0736006
0360026,0360026,0736006,0736006A
0360027,0360027,0736001,0736001
0360027,0360027,0736001,0736001A
0360028,0360028,0736001,0736001
0360028,0360028,0736001,0736001A
0360029,0360029,0736006,0736006
0360029,0360029,0736006,0736006A
0360030,0360030,0736008,0736008
0360030,0360030,0736008,0736008A
0360031,0360031,0736011,0736011
0360031,0360031,0736011,0736011A
0360032,0360032,0736011,0736011
0360032,0360032,0736011,0736011A
0360033,0360033,0736010,0736010
0360033,0360033,0736010,0736010A
0360034,0360034,0736006,0736006
0360034,0360034,0736006,0736006A
0360035,0360035,0736003,0736003
0360035,0360035,0736003,0736003A
0360036,0360036,0736004,0736004
0360036,0360036,0736004,0736004A
0360037,0360037,0736002,0736002
0360037,0360037,0736002,0736002A
0360038,0360038,0736003,0736003
0360038,0360038,0736003,0736003A
0360039,0360039,0736006,0736006
0360039,0360039,0736006,0736006A
0400001,0400001,0400001,0400001
0400001,0400001,0400001,0400001A
0400002,0400002,0740019,0740019
0400002,0400002,0740019,0740019A
0400003,0400003,0400003,0400003
0400003,0400003,0400003,0400003A
0400004,0400004,0740019,0740019
0400004,0400004,0740019,0740019A
0400005,0400005,0400005,0400005
0400005,0400005,0400005,0400005A
0400006,0400006,0740020,0740020
0400006,0400006,0740020,0740020A
0400007,0400007,0740020,0740020
0400007,0400007,0740020,0740020A
0400008,0400008,0400008,0400008
0400008,0400008,0400008,0400008A
0400009,0400009,0740020,0740020
0400009,0400009,0740020,0740020A
0400010,0400010,0400010,0400010
0400010,0400010,0400010,0400010A
0400011,0400011,0400011,0400011
0400011,0400011,0400011,0400011A
0400012,0400012,0740020,0740020
0400012,0400012,0740020,0740020A
0400013,0400013,0400013,0400013
0400013,0400013,0400013,0400013A
0400014,0400014,0740001,0740001
0400014,0400014,0740001,0740001A
0400015,0400015,0740001,0740001
0400015,0400015,0740001,0740001A
0400016,0400016,0740025,0740025
0400016,0400016,0740025,0740025A
0400017,0400017,0740008,0740008
0400017,0400017,0740008,0740008A
0400018,0400018,0740008,0740008
0400018,0400018,0740008,0740008A
0400019,0400019,0740008,0740008
0400019,0400019,0740008,0740008A
0400020,0400020,0740008,0740008
0400020,0400020,0740008,0740008A
0400021,0400021,0740021,0740021
0400021,0400021,0740021,0740021A
0400022,0400022,0740021,0740021
0400022,0400022,0740021,0740021A
0400023,0400023,0740008,0740008
0400023,0400023,0740008,0740008A
0400024,0400024,0740021,0740021
0400024,0400024,0740021,0740021A
0400025,0400025,0740008,0740008
0400025,0400025,0740008,0740008A
0400026,0400026,0740022,0740022
0400026,0400026,0740022,0740022A
0400027,0400027,0740022,0740022
0400027,0400027,0740022,0740022A
0400028,0400028,0740022,0740022
0400028,0400028,0740022,0740022A
0400029,0400029,0740022,0740022
0400029,0400029,0740022,0740022A
0400030,0400030,0740022,0740022
0400030,0400030,0740022,0740022A
0400031,0400031,0740021,0740021
0400031,0400031,0740021,0740021A
0400032,0400032,0400032,0400032
0400032,0400032,0400032,0400032A
0400033,0400033,0740025,0740025
0400033,0400033,0740025,0740025A
0400034,0400034,0740025,0740025
0400034,0400034,0740025,0740025A
0400035,0400035,0740025,0740025
0400035,0400035,0740025,0740025A
0400036,0400036,0740025,0740025
0400036,0400036,0740025,0740025A
0400037,0400037,0740006,0740006
0400037,0400037,0740006,0740006A
0400038,0400038,0740006,0740006
0400038,0400038,0740006,0740006A
0400039,0400039,0740006,0740006
0400039,0400039,0740006,0740006A
0400040,0400040,0740006,0740006
0400040,0400040,0740006,0740006A
0400041,0400041,0740006,0740006
0400041,0400041,0740006,0740006A
0400042,0400042,0740006,0740006
0400042,0400042,0740006,0740006A
0400043,0400043,0740007,0740007
0400043,0400043,0740007,0740007A
0400044,0400044,0740007,0740007
0400044,0400044,0740007,0740007A
0400045,0400045,0740007,0740007
0400045,0400045,0740007,0740007A
0400046,0400046,0740004,0740004
0400046,0400046,0740004,0740004A
0400047,0400047,0740004,0740004
0400047,0400047,0740004,0740004A
0400048,0400048,0740004,0740004
0400048,0400048,0740004,0740004A
0400049,0400049,0740004,0740004
0400049,0400049,0740004,0740004A
0400050,0400050,0740025,0740025
0400050,0400050,0740025,0740025A
0400051,0400051,0740004,0740004
0400051,0400051,0740004,0740004A
0400052,0400052,0740002,0740002
0400052,0400052,0740002,0740002A
0400053,0400053,0740005,0740005
0400053,0400053,0740005,0740005A
0400054,0400054,0740003,0740003
0400054,0400054,0740003,0740003A
0400055,0400055,0740001,0740001
0400055,0400055,0740001,0740001A
0400056,0400056,0740003,0740003
0400056,0400056,0740003,0740003A
0400057,0400057,0740005,0740005
0400057,0400057,0740005,0740005A
0400058,0400058,0740002,0740002
0400058,0400058,0740002,0740002A
0400059,0400059,0740002,0740002
0400059,0400059,0740002,0740002A
0400060,0400060,0740002,0740002
0400060,0400060,0740002,0740002A
0400061,0400061,0740005,0740005
0400061,0400061,0740005,0740005A
0400062,0400062,0740009,0740009
0400062,0400062,0740009,0740009A
0400063,0400063,0740010,0740010
0400063,0400063,0740010,0740010A
0400064,0400064,0740010,0740010
0400064,0400064,0740010,0740010A
0400065,0400065,0740010,0740010
0400065,0400065,0740010,0740010A
0400066,0400066,0740010,0740010
0400066,0400066,0740010,0740010A
0400067,0400067,0740010,0740010
0400067,0400067,0740010,0740010A
0400068,0400068,0740026,0740026
0400068,0400068,0740026,0740026A
0400069,0400069,0740026,0740026
0400069,0400069,0740026,0740026A
0400070,0400070,0740026,0740026
0400070,0400070,0740026,0740026A
0400071,0400071,0400071,0400071
0400071,0400071,0400071,0400071A
0400072,0400072,0740026,0740026
0400072,0400072,0740026,0740026A
0400073,0400073,0740003,0740003
0400073,0400073,0740003,0740003A
0400074,0400074,0740001,0740001
0400074,0400074,0740001,0740001A
0400075,0400075,0740001,0740001
0400075,0400075,0740001,0740001A
0400076,0400076,0400076,0400076
0400076,0400076,0400076,0400076A
0400077,0400077,0740002,0740002
0400077,0400077,0740002,0740002A
0400078,0400078,0740002,0740002
0400078,0400078,0740002,0740002A
0400079,0400079,0740001,0740001
0400079,0400079,0740001,0740001A
0400080,0400080,0740003,0740003
0400080,0400080,0740003,0740003A
0400081,0400081,0740003,0740003
0400081,0400081,0740003,0740003A
0400082,0400082,0740003,0740003
0400082,0400082,0740003,0740003A
0400083,0400083,0740011,0740011
0400083,0400083,0740011,0740011A
0400084,0400084,0740011,0740011
0400084,0400084,0740011,0740011A
0400085,0400085,0740011,0740011
0400085,0400085,0740011,0740011A
0400086,0400086,0740027,0740027
0400086,0400086,0740027,0740027A
0400087,0400087,0740028,0740028
0400087,0400087,0740028,0740028A
0400088,0400088,0740028,0740028
0400088,0400088,0740028,0740028A
0400089,0400089,0740027,0740027
0400089,0400089,0740027,0740027A
0400090,0400090,0740022,0740022
0400090,0400090,0740022,0740022A
0400091,0400091,0740023,0740023
0400091,0400091,0740023,0740023A
0400092,0400092,0740023,0740023
0400092,0400092,0740023,0740023A
0400093,0400093,0740026,0740026
0400093,0400093,0740026,0740026A
0400094,0400094,0740029,0740029
0400094,0400094,0740029,0740029A
0400095,0400095,0740029,0740029
0400095,0400095,0740029,0740029A
0400096,0400096,0740029,0740029
0400096,0400096,0740029,0740029A
0400097,0400097,0740030,0740030
0400097,0400097,0740030,0740030A
0400098,0400098,0740030,0740030
0400098,0400098,0740030,0740030A
0400099,0400099,0740028,0740028
0400099,0400099,0740028,0740028A
0400100,0400100,0740028,0740028
0400100,0400100,0740028,0740028A
0400101,0400101,0740028,0740028
0400101,0400101,0740028,0740028A
0400102,0400102,0740028,0740028
0400102,0400102,0740028,0740028A
0400103,0400103,0740031,0740031
0400103,0400103,0740031,0740031A
0400104,0400104,0740012,0740012
0400104,0400104,0740012,0740012A
0400105,0400105,0740031,0740031
0400105,0400105,0740031,0740031A
0400106,0400106,0740031,0740031
0400106,0400106,0740031,0740031A
0400107,0400107,0740012,0740012
0400107,0400107,0740012,0740012A
0400108,0400108,0740029,0740029
0400108,0400108,0740029,0740029A
0400109,0400109,0400109,0400109
0400109,0400109,0400109,0400109A
0400110,0400110,0740031,0740031
0400110,0400110,0740031,0740031A
0400111,0400111,0400111,0400111
0400111,0400111,0400111,0400111A
0400112,0400112,0740023,0740023
0400112,0400112,0740023,0740023A
0400113,0400113,0740023,0740023
0400113,0400113,0740023,0740023A
0400114,0400114,0740032,0740032
0400114,0400114,0740032,0740032A
0400115,0400115,0740032,0740032
0400115,0400115,0740032,0740032A
0400116,0400116,0400116,0400116
0400116,0400116,0400116,0400116A
0400117,0400117,0400117,0400117
0400117,0400117,0400117,0400117A
0400118,0400118,0400118,0400118
0400118,0400118,0400118,0400118A
0400119,0400119,0740010,0740010
0400119,0400119,0740010,0740010A
0400120,0400120,0740032,0740032
0400120,0400120,0740032,0740032A
0400121,0400121,0740013,0740013
0400121,0400121,0740013,0740013A
0400122,0400122,0740027,0740027
0400122,0400122,0740027,0740027A
0400123,0400123,0740007,0740007
0400123,0400123,0740007,0740007A
0400124,0400124,0400124,0400124
0400124,0400124,0400124,0400124A
0400125,0400125,0740004,0740004
0400125,0400125,0740004,0740004A
0400126,0400126,0740014,0740014
0400126,0400126,0740014,0740014A
0400127,0400127,0740014,0740014
0400127,0400127,0740014,0740014A
0400128,0400128,0740015,0740015
0400128,0400128,0740015,0740015A
0400129,0400129,0740009,0740009
0400129,0400129,0740009,0740009A
0400130,0400130,0740009,0740009
0400130,0400130,0740009,0740009A
0400131,0400131,0740009,0740009
0400131,0400131,0740009,0740009A
0400132,0400132,0740016,0740016
0400132,0400132,0740016,0740016A
0400133,0400133,0740016,0740016
0400133,0400133,0740016,0740016A
0400134,0400134,0740016,0740016
0400134,0400134,0740016,0740016A
0400135,0400135,0740017,0740017
0400135,0400135,0740017,0740017A
0400136,0400136,0740014,0740014
0400136,0400136,0740014,0740014A
0400137,0400137,0740009,0740009
0400137,0400137,0740009,0740009A
0400138,0400138,0740009,0740009
0400138,0400138,0740009,0740009A
0400139,0400139,0740014,0740014
0400139,0400139,0740014,0740014A
0400140,0400140,0740014,0740014
0400140,0400140,0740014,0740014A
0400141,0400141,0740011,0740011
0400141,0400141,0740011,0740011A
0400142,0400142,0740021,0740021
0400142,0400142,0740021,0740021A
0400143,0400143,0740024,0740024
0400143,0400143,0740024,0740024A
0400144,0400144,0740024,0740024
0400144,0400144,0740024,0740024A
0400145,0400145,0740015,0740015
0400145,0400145,0740015,0740015A
0400146,0400146,0740024,0740024
0400146,0400146,0740024,0740024A
0400147,0400147,0740014,0740014
0400147,0400147,0740014,0740014A
0400148,0400148,0740024,0740024
0400148,0400148,0740024,0740024A
0400149,0400149,0740024,0740024
0400149,0400149,0740024,0740024A
0400150,0400150,0740029,0740029
0400150,0400150,0740029,0740029A
0400151,0400151,0740023,0740023
0400151,0400151,0740023,0740023A
0400152,0400152,0740023,0740023
0400152,0400152,0740023,0740023A
0400153,0400153,0740031,0740031
0400153,0400153,0740031,0740031A
0400154,0400154,0740029,0740029
0400154,0400154,0740029,0740029A
0400155,0400155,0740027,0740027
0400155,0400155,0740027,0740027A
0400156,0400156,0740027,0740027
0400156,0400156,0740027,0740027A
0400157,0400157,0740027,0740027
0400157,0400157,0740027,0740027A
0400158,0400158,0740007,0740007
0400158,0400158,0740007,0740007A
0400159,0400159,0740007,0740007
0400159,0400159,0740007,0740007A
0400160,0400160,0740018,0740018
0400160,0400160,0740018,0740018A
0400161,0400161,0740017,0740017
0400161,0400161,0740017,0740017A
0400162,0400162,0740017,0740017
0400162,0400162,0740017,0740017A
0400163,0400163,0740017,0740017
0400163,0400163,0740017,0740017A
0400164,0400164,0740018,0740018
0400164,0400164,0740018,0740018A
0400165,0400165,0740018,0740018
0400165,0400165,0740018,0740018A
0400166,0400166,0740013,0740013
0400166,0400166,0740013,0740013A
0400167,0400167,0740012,0740012
0400167,0400167,0740012,0740012A
0400168,0400168,0740017,0740017
0400168,0400168,0740017,0740017A
0400169,0400169,0400169,0400169
0400169,0400169,0400169,0400169A
0400170,0400170,0400170,0400170
0400170,0400170,0400170,0400170A
0400171,0400171,0740031,0740031
0400171,0400171,0740031,0740031A
0400172,0400172,0740013,0740013
0400172,0400172,0740013,0740013A
0400173,0400173,0740011,0740011
0400173,0400173,0740011,0740011A
0400174,0400174,0740021,0740021
0400174,0400174,0740021,0740021A
0400175,0400175,0740011,0740011
0400175,0400175,0740011,0740011A
0400176,0400176,0740017,0740017
0400176,0400176,0740017,0740017A
0400177,0400177,0740012,0740012
0400177,0400177,0740012,0740012A
0400178,0400178,0400178,0400178
0400178,0400178,0400178,0400178A
0400179,0400179,0740012,0740012
0400179,0400179,0740012,0740012A
0400180,0400180,0740012,0740012
0400180,0400180,0740012,0740012A
0410000,0410000,0741001,0741001
0410000,0410000,0741001,0741001A
0410001,0410001,0741002,0741002
0410001,0410001,0741002,0741002A
0410002,0410002,0741003,0741003
0410002,0410002,0741003,0741003A
0410003,0410003,0741003,0741003
0410003,0410003,0741003,0741003A
0410004,0410004,0741008,0741008
0410004,0410004,0741008,0741008A
0410005,0410005,0741010,0741010
0410005,0410005,0741010,0741010A
0410006,0410006,0741008,0741008
0410006,0410006,0741008,0741008A
0410007,0410007,0410007,0410007
0410007,0410007,0410007,0410007A
0410008,0410008,0410008,0410008
0410008,0410008,0410008,0410008A
0410009,0410009,0741011,0741011
0410009,0410009,0741011,0741011A
0410010,0410010,0741012,0741012
0410010,0410010,0741012,0741012A
0410011,0410011,0741004,0741004
0410011,0410011,0741004,0741004A
0410012,0410012,0741004,0741004
0410012,0410012,0741004,0741004A
0410013,0410013,0741005,0741005
0410013,0410013,0741005,0741005A
0410014,0410014,0741002,0741002
0410014,0410014,0741002,0741002A
0410015,0410015,0741003,0741003
0410015,0410015,0741003,0741003A
0410016,0410016,0741006,0741006
0410016,0410016,0741006,0741006A
0410017,0410017,0410017,0410017
0410017,0410017,0410017,0410017A
0410018,0410018,0741005,0741005
0410018,0410018,0741005,0741005A
0410019,0410019,0741008,0741008
0410019,0410019,0741008,0741008A
0410020,0410020,0741011,0741011
0410020,0410020,0741011,0741011A
0410021,0410021,0741011,0741011
0410021,0410021,0741011,0741011A
0410022,0410022,0410022,0410022
0410022,0410022,0410022,0410022A
0410023,0410023,0741001,0741001
0410023,0410023,0741001,0741001A
0410024,0410024,0741004,0741004
0410024,0410024,0741004,0741004A
0410025,0410025,0741002,0741002
0410025,0410025,0741002,0741002A
0410026,0410026,0741011,0741011
0410026,0410026,0741011,0741011A
0410027,0410027,0741012,0741012
0410027,0410027,0741012,0741012A
0410028,0410028,0741005,0741005
0410028,0410028,0741005,0741005A
0410029,0410029,0741002,0741002
0410029,0410029,0741002,0741002A
0410030,0410030,0741005,0741005
0410030,0410030,0741005,0741005A
0410031,0410031,0741003,0741003
0410031,0410031,0741003,0741003A
0410032,0410032,0741006,0741006
0410032,0410032,0741006,0741006A
0410033,0410033,0741006,0741006
0410033,0410033,0741006,0741006A
0410034,0410034,0741003,0741003
0410034,0410034,0741003,0741003A
0410035,0410035,0741003,0741003
0410035,0410035,0741003,0741003A
0410036,0410036,0741001,0741001
0410036,0410036,0741001,0741001A
0410037,0410037,0741005,0741005
0410037,0410037,0741005,0741005A
0410038,0410038,0741005,0741005
0410038,0410038,0741005,0741005A
0410039,0410039,0741001,0741001
0410039,0410039,0741001,0741001A
0410040,0410040,0741002,0741002
0410040,0410040,0741002,0741002A
0410041,0410041,0410041,0410041
0410041,0410041,0410041,0410041A
0410042,0410042,0741007,0741007
0410042,0410042,0741007,0741007A
0410043,0410043,0741007,0741007
0410043,0410043,0741007,0741007A
0410044,0410044,0741009,0741009
0410044,0410044,0741009,0741009A
0410045,0410045,0741009,0741009
0410045,0410045,0741009,0741009A
0410046,0410046,0410046,0410046
0410046,0410046,0410046,0410046A
0410047,0410047,0741009,0741009
0410047,0410047,0741009,0741009A
0410048,0410048,0741004,0741004
0410048,0410048,0741004,0741004A
0410049,0410049,0741009,0741009
0410049,0410049,0741009,0741009A
0410050,0410050,0741010,0741010
0410050,0410050,0741010,0741010A
0410051,0410051,0410051,0410051
0410051,0410051,0410051,0410051A
0410052,0410052,0741009,0741009
0410052,0410052,0741009,0741009A
0410054,0410054,0741004,0741004
0410054,0410054,0741004,0741004A
0410055,0410055,0741004,0741004
0410055,0410055,0741004,0741004A
0410056,0410056,0741002,0741002
0410056,0410056,0741002,0741002A
0410057,0410057,0741001,0741001
0410057,0410057,0741001,0741001A
0410058,0410058,0741001,0741001
0410058,0410058,0741001,0741001A
0420001,0420001,0420001,0420001
0420001,0420001,0420001,0420001A
0420002,0420002,0420002,0420002
0420002,0420002,0420002,0420002A
0420003,0420003,0742001,0742001
0420003,0420003,0742001,0742001A
0420004,0420004,0742001,0742001
0420004,0420004,0742001,0742001A
0440001,0440001,0440001,0440001
0440001,0440001,0440001,0440001A
0440002,0440002,0440002,0440002
0440002,0440002,0440002,0440002A
0440003,0440003,0744001,0744001
0440003,0440003,0744001,0744001A
0440004,0440004,0744001,0744001
0440004,0440004,0744001,0744001A
0440005,0440005,0440005,0440005
0440005,0440005,0440005,0440005A
0440006,0440006,0440006,0440006
0440006,0440006,0440006,0440006A
0490001,0490001,0749001,0749001
0490001,0490001,0749001,0749001A
0490002,0490002,0749001,0749001
0490002,0490002,0749001,0749001A
0490003,0490003,0749009,0749009
0490003,0490003,0749009,0749009A
0490004,0490004,0749007,0749007
0490004,0490004,0749007,0749007A
0490005,0490005,0749009,0749009
0490005,0490005,0749009,0749009A
0490006,0490006,0749010,0749010
0490006,0490006,0749010,0749010A
0490007,0490007,0749010,0749010
0490007,0490007,0749010,0749010A
0490008,0490008,0749004,0749004
0490008,0490008,0749004,0749004A
0490009,0490009,0749004,0749004
0490009,0490009,0749004,0749004A
0490010,0490010,0749006,0749006
0490010,0490010,0749006,0749006A
0490011,0490011,0749013,0749013
0490011,0490011,0749013,0749013A
0490012,0490012,0749013,0749013
0490012,0490012,0749013,0749013A
0490013,0490013,0749001,0749001
0490013,0490013,0749001,0749001A
0490014,0490014,0749014,0749014
0490014,0490014,0749014,0749014A
0490015,0490015,0749014,0749014
0490015,0490015,0749014,0749014A
0490016,0490016,0749005,0749005
0490016,0490016,0749005,0749005A
0490017,0490017,0749002,0749002
0490017,0490017,0749002,0749002A
0490018,0490018,0749001,0749001
0490018,0490018,0749001,0749001A
0490019,0490019,0749001,0749001
0490019,0490019,0749001,0749001A
0490020,0490020,0749009,0749009
0490020,0490020,0749009,0749009A
0490021,0490021,0749007,0749007
0490021,0490021,0749007,0749007A
0490022,0490022,0749008,0749008
0490022,0490022,0749008,0749008A
0490023,0490023,0749004,0749004
0490023,0490023,0749004,0749004A
0490024,0490024,0749008,0749008
0490024,0490024,0749008,0749008A
0490025,0490025,0749011,0749011
0490025,0490025,0749011,0749011A
0490026,0490026,0749012,0749012
0490026,0490026,0749012,0749012A
0490027,0490027,0749006,0749006
0490027,0490027,0749006,0749006A
0490028,0490028,0749006,0749006
0490028,0490028,0749006,0749006A
0490029,0490029,0749003,0749003
0490029,0490029,0749003,0749003A
0490030,0490030,0749011,0749011
0490030,0490030,0749011,0749011A
0490031,0490031,0749005,0749005
0490031,0490031,0749005,0749005A
0490032,0490032,0749005,0749005
0490032,0490032,0749005,0749005A
0490033,0490033,0749005,0749005
0490033,0490033,0749005,0749005A
0490034,0490034,0749007,0749007
0490034,0490034,0749007,0749007A
0490035,0490035,0749007,0749007
0490035,0490035,0749007,0749007A
0490036,0490036,0749002,0749002
0490036,0490036,0749002,0749002A
0490037,0490037,0749007,0749007
0490037,0490037,0749007,0749007A
0490038,0490038,0749007,0749007
0490038,0490038,0749007,0749007A
0490039,0490039,0749013,0749013
0490039,0490039,0749013,0749013A
0490040,0490040,0749002,0749002
0490040,0490040,0749002,0749002A
0490041,0490041,0749004,0749004
0490041,0490041,0749004,0749004A
0490042,0490042,0749012,0749012
0490042,0490042,0749012,0749012A
0490043,0490043,0749003,0749003
0490043,0490043,0749003,0749003A
0490044,0490044,0490044,0490044
0490044,0490044,0490044,0490044A
0490045,0490045,0749012,0749012
0490045,0490045,0749012,0749012A
0490046,0490046,0749003,0749003
0490046,0490046,0749003,0749003A
0490047,0490047,0749008,0749008
0490047,0490047,0749008,0749008A
0490048,0490048,0749004,0749004
0490048,0490048,0749004,0749004A
0490049,0490049,0490049,0490049
0490049,0490049,0490049,0490049A
0490050,0490050,0749003,0749003
0490050,0490050,0749003,0749003A
0500001,0500001,0750033,0750033
0500001,0500001,0750033,0750033A
0500002,0500002,0750033,0750033
0500002,0500002,0750033,0750033A
0500003,0500003,0750033,0750033
0500003,0500003,0750033,0750033A
0500004,0500004,0750035,0750035
0500004,0500004,0750035,0750035A
0500005,0500005,0750035,0750035
0500005,0500005,0750035,0750035A
0500006,0500006,0750035,0750035
0500006,0500006,0750035,0750035A
0500007,0500007,0500007,0500007
0500007,0500007,0500007,0500007A
0500008,0500008,0500008,0500008
0500008,0500008,0500008,0500008A
0500009,0500009,0500009,0500009
0500009,0500009,0500009,0500009A
0500010,0500010,0500010,0500010
0500010,0500010,0500010,0500010A
0500011,0500011,0750001,0750001
0500011,0500011,0750001,0750001A
0500012,0500012,0750001,0750001
0500012,0500012,0750001,0750001A
0500013,0500013,0750032,0750032
0500013,0500013,0750032,0750032A
0500014,0500014,0750032,0750032
0500014,0500014,0750032,0750032A
0500015,0500015,0750032,0750032
0500015,0500015,0750032,0750032A
0500016,0500016,0750036,0750036
0500016,0500016,0750036,0750036A
0500017,0500017,0750032,0750032
0500017,0500017,0750032,0750032A
0500018,0500018,0750032,0750032
0500018,0500018,0750032,0750032A
0500019,0500019,0750036,0750036
0500019,0500019,0750036,0750036A
0500020,0500020,0750038,0750038
0500020,0500020,0750038,0750038A
0500021,0500021,0750038,0750038
0500021,0500021,0750038,0750038A
0500022,0500022,0500022,0500022
0500022,0500022,0500022,0500022A
0500023,0500023,0750038,0750038
0500023,0500023,0750038,0750038A
0500024,0500024,0500024,0500024
0500024,0500024,0500024,0500024A
0500025,0500025,0500025,0500025
0500025,0500025,0500025,0500025A
0500026,0500026,0500026,0500026
0500026,0500026,0500026,0500026A
0500027,0500027,0500027,0500027
0500027,0500027,0500027,0500027A
0500028,0500028,0500028,0500028
0500028,0500028,0500028,0500028A
0500030,0500030,0750038,0750038
0500030,0500030,0750038,0750038A
0500031,0500031,0750039,0750039
0500031,0500031,0750039,0750039A
0500032,0500032,0750039,0750039
0500032,0500032,0750039,0750039A
0500033,0500033,0750038,0750038
0500033,0500033,0750038,0750038A
0500034,0500034,0750033,0750033
0500034,0500034,0750033,0750033A
0500035,0500035,0750033,0750033
0500035,0500035,0750033,0750033A
0500036,0500036,0750034,0750034
0500036,0500036,0750034,0750034A
0500037,0500037,0750041,0750041
0500037,0500037,0750041,0750041A
0500038,0500038,0750041,0750041
0500038,0500038,0750041,0750041A
0500039,0500039,0750043,0750043
0500039,0500039,0750043,0750043A
0500040,0500040,0750034,0750034
0500040,0500040,0750034,0750034A
0500041,0500041,0750034,0750034
0500041,0500041,0750034,0750034A
0500042,0500042,0750001,0750001
0500042,0500042,0750001,0750001A
0500043,0500043,0750043,0750043
0500043,0500043,0750043,0750043A
0500044,0500044,0750035,0750035
0500044,0500044,0750035,0750035A
0500045,0500045,0750035,0750035
0500045,0500045,0750035,0750035A
0500046,0500046,0750044,0750044
0500046,0500046,0750044,0750044A
0500047,0500047,0750044,0750044
0500047,0500047,0750044,0750044A
0500048,0500048,0750048,0750048
0500048,0500048,0750048,0750048A
0500049,0500049,0750002,0750002
0500049,0500049,0750002,0750002A
0500050,0500050,0750049,0750049
0500050,0500050,0750049,0750049A
0500051,0500051,0750003,0750003
0500051,0500051,0750003,0750003A
0500052,0500052,0750003,0750003
0500052,0500052,0750003,0750003A
0500053,0500053,0750003,0750003
0500053,0500053,0750003,0750003A
0500054,0500054,0750004,0750004
0500054,0500054,0750004,0750004A
0500055,0500055,0750005,0750005
0500055,0500055,0750005,0750005A
0500056,0500056,0750005,0750005
0500056,0500056,0750005,0750005A
0500057,0500057,0750003,0750003
0500057,0500057,0750003,0750003A
0500058,0500058,0750006,0750006
0500058,0500058,0750006,0750006A
0500059,0500059,0750007,0750007
0500059,0500059,0750007,0750007A
0500060,0500060,0750007,0750007
0500060,0500060,0750007,0750007A
0500061,0500061,0750052,0750052
0500061,0500061,0750052,0750052A
0500062,0500062,0750008,0750008
0500062,0500062,0750008,0750008A
0500063,0500063,0750037,0750037
0500063,0500063,0750037,0750037A
0500064,0500064,0750050,0750050
0500064,0500064,0750050,0750050A
0500065,0500065,0750052,0750052
0500065,0500065,0750052,0750052A
0500066,0500066,0750052,0750052
0500066,0500066,0750052,0750052A
0500067,0500067,0750050,0750050
0500067,0500067,0750050,0750050A
0500068,0500068,0750003,0750003
0500068,0500068,0750003,0750003A
0500069,0500069,0750051,0750051
0500069,0500069,0750051,0750051A
0500070,0500070,0750051,0750051
0500070,0500070,0750051,0750051A
0500071,0500071,0750052,0750052
0500071,0500071,0750052,0750052A
0500072,0500072,0750052,0750052
0500072,0500072,0750052,0750052A
0500073,0500073,0750051,0750051
0500073,0500073,0750051,0750051A
0500074,0500074,0750040,0750040
0500074,0500074,0750040,0750040A
0500075,0500075,0750052,0750052
0500075,0500075,0750052,0750052A
0500076,0500076,0500076,0500076
0500076,0500076,0500076,0500076A
0500077,0500077,0750054,0750054
0500077,0500077,0750054,0750054A
0500078,0500078,0750007,0750007
0500078,0500078,0750007,0750007A
0500079,0500079,0500079,0500079
0500079,0500079,0500079,0500079A
0500080,0500080,0500080,0500080
0500080,0500080,0500080,0500080A
0500081,0500081,0500081,0500081
0500081,0500081,0500081,0500081A
0500082,0500082,0750053,0750053
0500082,0500082,0750053,0750053A
0500083,0500083,0750045,0750045
0500083,0500083,0750045,0750045A
0500084,0500084,0750002,0750002
0500084,0500084,0750002,0750002A
0500085,0500085,0750003,0750003
0500085,0500085,0750003,0750003A
0500086,0500086,0750009,0750009
0500086,0500086,0750009,0750009A
0500087,0500087,0500087,0500087
0500087,0500087,0500087,0500087A
0500088,0500088,0750041,0750041
0500088,0500088,0750041,0750041A
0500089,0500089,0750010,0750010
0500089,0500089,0750010,0750010A
0500090,0500090,0750010,0750010
0500090,0500090,0750010,0750010A
0500091,0500091,0750011,0750011
0500091,0500091,0750011,0750011A
0500092,0500092,0750011,0750011
0500092,0500092,0750011,0750011A
0500093,0500093,0750008,0750008
0500093,0500093,0750008,0750008A
0500094,0500094,0750008,0750008
0500094,0500094,0750008,0750008A
0500095,0500095,0750036,0750036
0500095,0500095,0750036,0750036A
0500096,0500096,0750036,0750036
0500096,0500096,0750036,0750036A
0500097,0500097,0750012,0750012
0500097,0500097,0750012,0750012A
0500098,0500098,0750012,0750012
0500098,0500098,0750012,0750012A
0500099,0500099,0750012,0750012
0500099,0500099,0750012,0750012A
0500100,0500100,0750012,0750012
0500100,0500100,0750012,0750012A
0500101,0500101,0750013,0750013
0500101,0500101,0750013,0750013A
0500102,0500102,0750014,0750014
0500102,0500102,0750014,0750014A
0500103,0500103,0750014,0750014
0500103,0500103,0750014,0750014A
0500104,0500104,0750013,0750013
0500104,0500104,0750013,0750013A
0500105,0500105,0750012,0750012
0500105,0500105,0750012,0750012A
0500106,0500106,0750014,0750014
0500106,0500106,0750014,0750014A
0500107,0500107,0750014,0750014
0500107,0500107,0750014,0750014A
0500108,0500108,0750013,0750013
0500108,0500108,0750013,0750013A
0500109,0500109,0750014,0750014
0500109,0500109,0750014,0750014A
0500110,0500110,0750010,0750010
0500110,0500110,0750010,0750010A
0500111,0500111,0750012,0750012
0500111,0500111,0750012,0750012A
0500112,0500112,0750015,0750015
0500112,0500112,0750015,0750015A
0500113,0500113,0750014,0750014
0500113,0500113,0750014,0750014A
0500114,0500114,0750015,0750015
0500114,0500114,0750015,0750015A
0500115,0500115,0750015,0750015
0500115,0500115,0750015,0750015A
0500116,0500116,0750015,0750015
0500116,0500116,0750015,0750015A
0500117,0500117,0750036,0750036
0500117,0500117,0750036,0750036A
0500118,0500118,0750036,0750036
0500118,0500118,0750036,0750036A
0500119,0500119,0500119,0500119
0500119,0500119,0500119,0500119A
0500120,0500120,0750044,0750044
0500120,0500120,0750044,0750044A
0500121,0500121,0750016,0750016
0500121,0500121,0750016,0750016A
0500122,0500122,0750016,0750016
0500122,0500122,0750016,0750016A
0500123,0500123,0750016,0750016
0500123,0500123,0750016,0750016A
0500124,0500124,0750016,0750016
0500124,0500124,0750016,0750016A
0500125,0500125,0750044,0750044
0500125,0500125,0750044,0750044A
0500126,0500126,0750048,0750048
0500126,0500126,0750048,0750048A
0500127,0500127,0500127,0500127
0500127,0500127,0500127,0500127A
0500128,0500128,0750011,0750011
0500128,0500128,0750011,0750011A
0500129,0500129,0750017,0750017
0500129,0500129,0750017,0750017A
0500130,0500130,0750010,0750010
0500130,0500130,0750010,0750010A
0500131,0500131,0750013,0750013
0500131,0500131,0750013,0750013A
0500132,0500132,0500132,0500132
0500132,0500132,0500132,0500132A
0500133,0500133,0750017,0750017
0500133,0500133,0750017,0750017A
0500134,0500134,0750010,0750010
0500134,0500134,0750010,0750010A
0500135,0500135,0750017,0750017
0500135,0500135,0750017,0750017A
0500136,0500136,0750010,0750010
0500136,0500136,0750010,0750010A
0500137,0500137,0750055,0750055
0500137,0500137,0750055,0750055A
0500138,0500138,0750055,0750055
0500138,0500138,0750055,0750055A
0500139,0500139,0750055,0750055
0500139,0500139,0750055,0750055A
0500140,0500140,0750055,0750055
0500140,0500140,0750055,0750055A
0500141,0500141,0750055,0750055
0500141,0500141,0750055,0750055A
0500142,0500142,0750055,0750055
0500142,0500142,0750055,0750055A
0500143,0500143,0750044,0750044
0500143,0500143,0750044,0750044A
0500144,0500144,0750056,0750056
0500144,0500144,0750056,0750056A
0500145,0500145,0750044,0750044
0500145,0500145,0750044,0750044A
0500146,0500146,0500146,0500146
0500146,0500146,0500146,0500146A
0500147,0500147,0750056,0750056
0500147,0500147,0750056,0750056A
0500148,0500148,0750045,0750045
0500148,0500148,0750045,0750045A
0500149,0500149,0500149,0500149
0500149,0500149,0500149,0500149A
0500150,0500150,0750045,0750045
0500150,0500150,0750045,0750045A
0500151,0500151,0750045,0750045
0500151,0500151,0750045,0750045A
0500152,0500152,0750009,0750009
0500152,0500152,0750009,0750009A
0500153,0500153,0750007,0750007
0500153,0500153,0750007,0750007A
0500154,0500154,0750009,0750009
0500154,0500154,0750009,0750009A
0500155,0500155,0750007,0750007
0500155,0500155,0750007,0750007A
0500156,0500156,0750018,0750018
0500156,0500156,0750018,0750018A
0500157,0500157,0750019,0750019
0500157,0500157,0750019,0750019A
0500158,0500158,0750045,0750045
0500158,0500158,0750045,0750045A
0500159,0500159,0750056,0750056
0500159,0500159,0750056,0750056A
0500160,0500160,0750041,0750041
0500160,0500160,0750041,0750041A
0500161,0500161,0750042,0750042
0500161,0500161,0750042,0750042A
0500162,0500162,0500162,0500162
0500162,0500162,0500162,0500162A
0500163,0500163,0750034,0750034
0500163,0500163,0750034,0750034A
0500164,0500164,0750034,0750034
0500164,0500164,0750034,0750034A
0500165,0500165,0750042,0750042
0500165,0500165,0750042,0750042A
0500166,0500166,0750034,0750034
0500166,0500166,0750034,0750034A
0500167,0500167,0750020,0750020
0500167,0500167,0750020,0750020A
0500168,0500168,0750049,0750049
0500168,0500168,0750049,0750049A
0500170,0500170,0750020,0750020
0500170,0500170,0750020,0750020A
0500171,0500171,0750002,0750002
0500171,0500171,0750002,0750002A
0500172,0500172,0750040,0750040
0500172,0500172,0750040,0750040A
0500173,0500173,0750040,0750040
0500173,0500173,0750040,0750040A
0500174,0500174,0750057,0750057
0500174,0500174,0750057,0750057A
0500175,0500175,0750040,0750040
0500175,0500175,0750040,0750040A
0500176,0500176,0750040,0750040
0500176,0500176,0750040,0750040A
0500177,0500177,0750057,0750057
0500177,0500177,0750057,0750057A
0500178,0500178,0750004,0750004
0500178,0500178,0750004,0750004A
0500179,0500179,0500179,0500179
0500179,0500179,0500179,0500179A
0500180,0500180,0750021,0750021
0500180,0500180,0750021,0750021A
0500181,0500181,0750021,0750021
0500181,0500181,0750021,0750021A
0500182,0500182,0750005,0750005
0500182,0500182,0750005,0750005A
0500183,0500183,0750021,0750021
0500183,0500183,0750021,0750021A
0500184,0500184,0750021,0750021
0500184,0500184,0750021,0750021A
0500185,0500185,0750021,0750021
0500185,0500185,0750021,0750021A
0500186,0500186,0750021,0750021
0500186,0500186,0750021,0750021A
0500187,0500187,0750039,0750039
0500187,0500187,0750039,0750039A
0500188,0500188,0750054,0750054
0500188,0500188,0750054,0750054A
0500189,0500189,0750022,0750022
0500189,0500189,0750022,0750022A
0500190,0500190,0750022,0750022
0500190,0500190,0750022,0750022A
0500191,0500191,0750022,0750022
0500191,0500191,0750022,0750022A
0500192,0500192,0750001,0750001
0500192,0500192,0750001,0750001A
0500193,0500193,0750022,0750022
0500193,0500193,0750022,0750022A
0500194,0500194,0750001,0750001
0500194,0500194,0750001,0750001A
0500195,0500195,0750023,0750023
0500195,0500195,0750023,0750023A
0500196,0500196,0750022,0750022
0500196,0500196,0750022,0750022A
0500197,0500197,0750001,0750001
0500197,0500197,0750001,0750001A
0500198,0500198,0500198,0500198
0500198,0500198,0500198,0500198A
0500199,0500199,0750009,0750009
0500199,0500199,0750009,0750009A
0500200,0500200,0750009,0750009
0500200,0500200,0750009,0750009A
0500201,0500201,0750004,0750004
0500201,0500201,0750004,0750004A
0500202,0500202,0500202,0500202
0500202,0500202,0500202,0500202A
0500203,0500203,0750023,0750023
0500203,0500203,0750023,0750023A
0500204,0500204,0750005,0750005
0500204,0500204,0750005,0750005A
0500205,0500205,0750005,0750005
0500205,0500205,0750005,0750005A
0500206,0500206,0750023,0750023
0500206,0500206,0750023,0750023A
0500207,0500207,0750005,0750005
0500207,0500207,0750005,0750005A
0500208,0500208,0500208,0500208
0500208,0500208,0500208,0500208A
0500209,0500209,0750023,0750023
0500209,0500209,0750023,0750023A
0500210,0500210,0750023,0750023
0500210,0500210,0750023,0750023A
0500211,0500211,0750023,0750023
0500211,0500211,0750023,0750023A
0500212,0500212,0750024,0750024
0500212,0500212,0750024,0750024A
0500213,0500213,0750024,0750024
0500213,0500213,0750024,0750024A
0500214,0500214,0750011,0750011
0500214,0500214,0750011,0750011A
0500215,0500215,0750025,0750025
0500215,0500215,0750025,0750025A
0500216,0500216,0750006,0750006
0500216,0500216,0750006,0750006A
0500217,0500217,0750011,0750011
0500217,0500217,0750011,0750011A
0500218,0500218,0750015,0750015
0500218,0500218,0750015,0750015A
0500219,0500219,0750026,0750026
0500219,0500219,0750026,0750026A
0500220,0500220,0750026,0750026
0500220,0500220,0750026,0750026A
0500221,0500221,0750015,0750015
0500221,0500221,0750015,0750015A
0500222,0500222,0750026,0750026
0500222,0500222,0750026,0750026A
0500223,0500223,0750025,0750025
0500223,0500223,0750025,0750025A
0500224,0500224,0750025,0750025
0500224,0500224,0750025,0750025A
0500225,0500225,0750024,0750024
0500225,0500225,0750024,0750024A
0500226,0500226,0750011,0750011
0500226,0500226,0750011,0750011A
0500227,0500227,0750024,0750024
0500227,0500227,0750024,0750024A
0500228,0500228,0750024,0750024
0500228,0500228,0750024,0750024A
0500229,0500229,0750006,0750006
0500229,0500229,0750006,0750006A
0500230,0500230,0750004,0750004
0500230,0500230,0750004,0750004A
0500231,0500231,0750006,0750006
0500231,0500231,0750006,0750006A
0500232,0500232,0750027,0750027
0500232,0500232,0750027,0750027A
0500233,0500233,0750028,0750028
0500233,0500233,0750028,0750028A
0500234,0500234,0750006,0750006
0500234,0500234,0750006,0750006A
0500235,0500235,0750006,0750006
0500235,0500235,0750006,0750006A
0500236,0500236,0750028,0750028
0500236,0500236,0750028,0750028A
0500237,0500237,0750026,0750026
0500237,0500237,0750026,0750026A
0500238,0500238,0500238,0500238
0500238,0500238,0500238,0500238A
0500239,0500239,0750026,0750026
0500239,0500239,0750026,0750026A
0500240,0500240,0750027,0750027
0500240,0500240,0750027,0750027A
0500241,0500241,0750027,0750027
0500241,0500241,0750027,0750027A
0500242,0500242,0750027,0750027
0500242,0500242,0750027,0750027A
0500243,0500243,0750029,0750029
0500243,0500243,0750029,0750029A
0500244,0500244,0750030,0750030
0500244,0500244,0750030,0750030A
0500245,0500245,0750027,0750027
0500245,0500245,0750027,0750027A
0500246,0500246,0750026,0750026
0500246,0500246,0750026,0750026A
0500247,0500247,0750024,0750024
0500247,0500247,0750024,0750024A
0500248,0500248,0750030,0750030
0500248,0500248,0750030,0750030A
0500249,0500249,0750029,0750029
0500249,0500249,0750029,0750029A
0500250,0500250,0750025,0750025
0500250,0500250,0750025,0750025A
0500251,0500251,0500251,0500251
0500251,0500251,0500251,0500251A
0500252,0500252,0750025,0750025
0500252,0500252,0750025,0750025A
0500253,0500253,0750025,0750025
0500253,0500253,0750025,0750025A
0500254,0500254,0750008,0750008
0500254,0500254,0750008,0750008A
0500255,0500255,0750013,0750013
0500255,0500255,0750013,0750013A
0500256,0500256,0750017,0750017
0500256,0500256,0750017,0750017A
0500257,0500257,0750027,0750027
0500257,0500257,0750027,0750027A
0500258,0500258,0750028,0750028
0500258,0500258,0750028,0750028A
0500259,0500259,0750007,0750007
0500259,0500259,0750007,0750007A
0500260,0500260,0750056,0750056
0500260,0500260,0750056,0750056A
0500261,0500261,0500261,0500261
0500261,0500261,0500261,0500261A
0500262,0500262,0750037,0750037
0500262,0500262,0750037,0750037A
0500263,0500263,0750018,0750018
0500263,0500263,0750018,0750018A
0500264,0500264,0500264,0500264
0500264,0500264,0500264,0500264A
0500265,0500265,0750018,0750018
0500265,0500265,0750018,0750018A
0500266,0500266,0750019,0750019
0500266,0500266,0750019,0750019A
0500267,0500267,0750018,0750018
0500267,0500267,0750018,0750018A
0500268,0500268,0750031,0750031
0500268,0500268,0750031,0750031A
0500269,0500269,0750031,0750031
0500269,0500269,0750031,0750031A
0500270,0500270,0750018,0750018
0500270,0500270,0750018,0750018A
0500271,0500271,0750018,0750018
0500271,0500271,0750018,0750018A
0500272,0500272,0750017,0750017
0500272,0500272,0750017,0750017A
0500273,0500273,0500273,0500273
0500273,0500273,0500273,0500273A
0500274,0500274,0750019,0750019
0500274,0500274,0750019,0750019A
0500275,0500275,0750020,0750020
0500275,0500275,0750020,0750020A
0500276,0500276,0750017,0750017
0500276,0500276,0750017,0750017A
0500277,0500277,0750019,0750019
0500277,0500277,0750019,0750019A
0500278,0500278,0500278,0500278
0500278,0500278,0500278,0500278A
0500279,0500279,0750046,0750046
0500279,0500279,0750046,0750046A
0500280,0500280,0750047,0750047
0500280,0500280,0750047,0750047A
0500281,0500281,0750008,0750008
0500281,0500281,0750008,0750008A
0500282,0500282,0750050,0750050
0500282,0500282,0750050,0750050A
0500283,0500283,0750053,0750053
0500283,0500283,0750053,0750053A
0500284,0500284,0750050,0750050
0500284,0500284,0750050,0750050A
0500285,0500285,0750050,0750050
0500285,0500285,0750050,0750050A
0500286,0500286,0750047,0750047
0500286,0500286,0750047,0750047A
0500287,0500287,0750051,0750051
0500287,0500287,0750051,0750051A
0500288,0500288,0750039,0750039
0500288,0500288,0750039,0750039A
0500289,0500289,0750039,0750039
0500289,0500289,0750039,0750039A
0500290,0500290,0750039,0750039
0500290,0500290,0750039,0750039A
0500291,0500291,0750051,0750051
0500291,0500291,0750051,0750051A
0500292,0500292,0500292,0500292
0500292,0500292,0500292,0500292A
0500293,0500293,0500293,0500293
0500293,0500293,0500293,0500293A
0500294,0500294,0500294,0500294
0500294,0500294,0500294,0500294A
0500295,0500295,0750056,0750056
0500295,0500295,0750056,0750056A
0500296,0500296,0750056,0750056
0500296,0500296,0750056,0750056A
0500297,0500297,0750020,0750020
0500297,0500297,0750020,0750020A
0500298,0500298,0750045,0750045
0500298,0500298,0750045,0750045A
0500299,0500299,0750046,0750046
0500299,0500299,0750046,0750046A
0500300,0500300,0750046,0750046
0500300,0500300,0750046,0750046A
0500301,0500301,0750046,0750046
0500301,0500301,0750046,0750046A
0500302,0500302,0500302,0500302
0500302,0500302,0500302,0500302A
0500303,0500303,0750008,0750008
0500303,0500303,0750008,0750008A
0500304,0500304,0750048,0750048
0500304,0500304,0750048,0750048A
0500305,0500305,0750048,0750048
0500305,0500305,0750048,0750048A
0500306,0500306,0500306,0500306
0500306,0500306,0500306,0500306A
0500307,0500307,0500307,0500307
0500307,0500307,0500307,0500307A
0500308,0500307,0500307,0500307
0500308,0500307,0500307,0500307A
0510001,0510001,0751001,0751001
0510001,0510001,0751001,0751001A
0510002,0510002,0751002,0751002
0510002,0510002,0751002,0751002A
0510003,0510003,0751003,0751003
0510003,0510003,0751003,0751003A
0510004,0510004,0751004,0751004
0510004,0510004,0751004,0751004A
0510005,0510005,0510005,0510005
0510005,0510005,0510005,0510005A
0510006,0510006,0751001,0751001
0510006,0510006,0751001,0751001A
0510007,0510007,0510007,0510007
0510007,0510007,0510007,0510007A
0510008,0510008,0510008,0510008
0510008,0510008,0510008,0510008A
0510009,0510009,0510009,0510009
0510009,0510009,0510009,0510009A
0510010,0510010,0510010,0510010
0510010,0510010,0510010,0510010A
0510011,0510011,0510011,0510011
0510011,0510011,0510011,0510011A
0510012,0510012,0510012,0510012
0510012,0510012,0510012,0510012A
0510013,0510013,0510013,0510013
0510013,0510013,0510013,0510013A
0510014,0510014,0751005,0751005
0510014,0510014,0751005,0751005A
0510015,0510015,0510015,0510015
0510015,0510015,0510015,0510015A
0510016,0510016,0751005,0751005
0510016,0510016,0751005,0751005A
0510017,0510017,0751005,0751005
0510017,0510017,0751005,0751005A
0510018,0510018,0751006,0751006
0510018,0510018,0751006,0751006A
0510019,0510019,0751006,0751006
0510019,0510019,0751006,0751006A
0510020,0510020,0751006,0751006
0510020,0510020,0751006,0751006A
0510021,0510021,0751006,0751006
0510021,0510021,0751006,0751006A
0510022,0510022,0751007,0751007
0510022,0510022,0751007,0751007A
0510023,0510023,0751007,0751007
0510023,0510023,0751007,0751007A
0510024,0510024,0751002,0751002
0510024,0510024,0751002,0751002A
0510025,0510025,0751001,0751001
0510025,0510025,0751001,0751001A
0510026,0510026,0510026,0510026
0510026,0510026,0510026,0510026A
0510027,0510027,0510027,0510027
0510027,0510027,0510027,0510027A
0510028,0510028,0510028,0510028
0510028,0510028,0510028,0510028A
0510029,0510029,0751003,0751003
0510029,0510029,0751003,0751003A
0510030,0510030,0751002,0751002
0510030,0510030,0751002,0751002A
0510031,0510031,0751002,0751002
0510031,0510031,0751002,0751002A
0510032,0510032,0751002,0751002
0510032,0510032,0751002,0751002A
0510033,0510033,0510033,0510033
0510033,0510033,0510033,0510033A
0510034,0510034,0751007,0751007
0510034,0510034,0751007,0751007A
0510035,0510035,0751006,0751006
0510035,0510035,0751006,0751006A
0510036,0510036,0751004,0751004
0510036,0510036,0751004,0751004A
0510037,0510037,0751006,0751006
0510037,0510037,0751006,0751006A
0510038,0510038,0510038,0510038
0510038,0510038,0510038,0510038A
0570001,0570001,0757001,0757001
0570001,0570001,0757001,0757001A
0570002,0570002,0757002,0757002
0570002,0570002,0757002,0757002A
0570003,0570003,0757001,0757001
0570003,0570003,0757001,0757001A
0570004,0570004,0570004,0570004
0570004,0570004,0570004,0570004A
0570005,0570005,0757002,0757002
0570005,0570005,0757002,0757002A
0570006,0570006,0757001,0757001
0570006,0570006,0757001,0757001A
0570007,0570007,0570007,0570007
0570007,0570007,0570007,0570007A
0570008,0570008,0757001,0757001
0570008,0570008,0757001,0757001A
0570009,0570009,0570009,0570009
0570009,0570009,0570009,0570009A
0570010,0570010,0570010,0570010
0570010,0570010,0570010,0570010A
0570011,0570011,0757002,0757002
0570011,0570011,0757002,0757002A
