mprec,srprec
"0100001","0710004"
"0100002","0100002"
"0100003","0100003"
"0100004","0710008"
"0100005","0710004"
"0100006","0100006"
"0100007","0100007"
"0100008","0710001"
"0100009","0710001"
"0100010","0710017"
"0100011","0710019"
"0100012","0710017"
"0100013","0100013"
"0100014","0710001"
"0100016","0710002"
"0100017","0710002"
"0100018","0100018"
"0100019","0100019"
"0100020","0710009"
"0100021","0100021"
"0100022","0100022"
"0100023","0710005"
"0100024","0710005"
"0100025","0710005"
"0100026","0710006"
"0100027","0710006"
"0100028","0710006"
"0100029","0710006"
"0100030","0100030"
"0100031","0100031"
"0100032","0100032"
"0100033","0710020"
"0100034","0710031"
"0100035","0710032"
"0100036","0710012"
"0100037","0710012"
"0100038","0710020"
"0100039","0710020"
"0100040","0710013"
"0100041","0710018"
"0100042","0710018"
"0100043","0710007"
"0100044","0710010"
"0100045","0710014"
"0100046","0710007"
"0100047","0710007"
"0100048","0710014"
"0100049","0710007"
"0100050","0710010"
"0100051","0710012"
"0100052","0710021"
"0100053","0710002"
"0100054","0710034"
"0100055","0710034"
"0100056","0710041"
"0100057","0710041"
"0100058","0710034"
"0100059","0710034"
"0100060","0710034"
"0100061","0710035"
"0100062","0710022"
"0100063","0710023"
"0100064","0710021"
"0100065","0710021"
"0100066","0710012"
"0100067","0710015"
"0100068","0100068"
"0100069","0710021"
"0100070","0710012"
"0100071","0710024"
"0100072","0710024"
"0100073","0100073"
"0100074","0710021"
"0100075","0710015"
"0100076","0710024"
"0100077","0710033"
"0100078","0100078"
"0100079","0710024"
"0100080","0710041"
"0100081","0710031"
"0100082","0710031"
"0100083","0710042"
"0100084","0710036"
"0100085","0100085"
"0100086","0710023"
"0100087","0710023"
"0100088","0710023"
"0100089","0710036"
"0100090","0710036"
"0100091","0710025"
"0100092","0710002"
"0100093","0710043"
"0100094","0710001"
"0100095","0710044"
"0100096","0710037"
"0100097","0710044"
"0100098","0710025"
"0100099","0710037"
"0100100","0710044"
"0100101","0710044"
"0100102","0710025"
"0100103","0710025"
"0100104","0710026"
"0100105","0710001"
"0100106","0710001"
"0100107","0100107"
"0100108","0710045"
"0100109","0710043"
"0100110","0710043"
"0100111","0710003"
"0100112","0710046"
"0100113","0710046"
"0100114","0710047"
"0100115","0710046"
"0100116","0710046"
"0100117","0710003"
"0100118","0710046"
"0100120","0710008"
"0100121","0100121"
"0100122","0710038"
"0100123","0710038"
"0100124","0710026"
"0100125","0710026"
"0100126","0710027"
"0100127","0710027"
"0100128","0710050"
"0100129","0710028"
"0100130","0710050"
"0100131","0710026"
"0100132","0710055"
"0100133","0710055"
"0100134","0100134"
"0100135","0710055"
"0100136","0710026"
"0100137","0710026"
"0100138","0710055"
"0100139","0710028"
"0100140","0710028"
"0100141","0710028"
"0100142","0710051"
"0100143","0710050"
"0100144","0710051"
"0100145","0710045"
"0100146","0710048"
"0100147","0710048"
"0100148","0710046"
"0100149","0710052"
"0100150","0710051"
"0100151","0710053"
"0100152","0710052"
"0100153","0710051"
"0100154","0710053"
"0100155","0710053"
"0100156","0710004"
"0100157","0710004"
"0100158","0710003"
"0100159","0710011"
"0100160","0710053"
"0100161","0710051"
"0100162","0710011"
"0100163","0710007"
"0100164","0100164"
"0100165","0710020"
"0100166","0100166"
"0100167","0710039"
"0100168","0710032"
"0100169","0710020"
"0100171","0710019"
"0100172","0100172"
"0100173","0100173"
"0100174","0710014"
"0100175","0710015"
"0100176","0710021"
"0100177","0100177"
"0100178","0710002"
"0100179","0710020"
"0100180","0100180"
"0100181","0710043"
"0100182","0710055"
"0100183","0710051"
"0100184","0710053"
"0100185","0710032"
"0100186","0710003"
"0100187","0710043"
"0100188","0710022"
"0100189","0710040"
"0100190","0710022"
"0100191","0100191"
"0100192","0710029"
"0100193","0710029"
"0100194","0710040"
"0100195","0710022"
"0100196","0710022"
"0100197","0710049"
"0100198","0710049"
"0100199","0710012"
"0100200","0710054"
"0100201","0710054"
"0100202","0710054"
"0100203","0710006"
"0100204","0710004"
"0100205","0710004"
"0100206","0100206"
"0100207","0710024"
"0100208","0710045"
"0100209","0710053"
"0100210","0710034"
"0100211","0100211"
"0100212","0710023"
"0100213","0710039"
"0100214","0710003"
"0100215","0100215"
"0100216","0710003"
"0100217","0100217"
"0100218","0710014"
"0100219","0710035"
"0100220","0100220"
"0100221","0710030"
"0100222","0710022"
"0100223","0710030"
"0100224","0100224"
"0100225","0710049"
"0100226","0710016"
"0100227","0710045"
"0100228","0710045"
"0100229","0710045"
"0100230","0710016"
"0100231","0710050"
"0100232","0100232"
"0100233","0710050"
"0100234","0710013"
"0100235","0710050"
"0100236","0100236"
"0100237","0100237"
"0100238","0710031"
"0100239","0710014"
"0100240","0710056"
"0100241","0100241"
"0100242","0710056"
"0100243","0710042"
"0100244","0710042"
"0100245","0710042"
"0100246","0710042"
"0100247","0710042"
"0100248","0710047"
"0100249","0710047"
"0100250","0100250"
"0100251","0710002"
"0100252","0100252"
"0100253","0100253"
"0100254","0710013"
"0100255","0710016"
"0100256","0100256"
"0100257","0710031"
"0100258","0710033"
"0100259","0710024"
"0100260","0710032"
"0100261","0710032"
"0100262","0710023"
"0100263","0710047"
"0100264","0710038"
"0100265","0710047"
"0100266","0710047"
"0100267","0100267"
"0100268","0710055"
"0100269","0710009"
"0100270","0710009"
"0100271","0710009"
"0100272","0100272"
"0110000","0711001"
"0110001","0110001"
"0110002","0711013"
"0110003","0711014"
"0110004","0711017"
"0110005","0711015"
"0110006","0711003"
"0110007","0711002"
"0110008","0711002"
"0110009","0711004"
"0110010","0711002"
"0110011","0711005"
"0110012","0711005"
"0110013","0711002"
"0110014","0711005"
"0110015","0711005"
"0110016","0711002"
"0110017","0711017"
"0110018","0711002"
"0110019","0711009"
"0110020","0711009"
"0110021","0711009"
"0110022","0711018"
"0110023","0711018"
"0110024","0711006"
"0110025","0711009"
"0110026","0711001"
"0110027","0711016"
"0110028","0711019"
"0110029","0711019"
"0110030","0711017"
"0110031","0711017"
"0110032","0711016"
"0110033","0110033"
"0110034","0711007"
"0110035","0110035"
"0110036","0711008"
"0110037","0711006"
"0110038","0711006"
"0110039","0711014"
"0110040","0711014"
"0110041","0711008"
"0110042","0711008"
"0110043","0110043"
"0110044","0711003"
"0110045","0711005"
"0110046","0711010"
"0110047","0711010"
"0110048","0711007"
"0110049","0711011"
"0110050","0110050"
"0110051","0711013"
"0110052","0110052"
"0110053","0711010"
"0110054","0711006"
"0110055","0711006"
"0110056","0711012"
"0110057","0711012"
"0110058","0711015"
"0110059","0711014"
"0110060","0711001"
"0110061","0711001"
"0110062","0711003"
"0110063","0110063"
"0110064","0711005"
"0110065","0711015"
"0110066","0110066"
"0110067","0711015"
"0110068","0711001"
"0110069","0711009"
"0110070","0711008"
"0110071","0711008"
"0110072","0110072"
"0110073","0711004"
"0110075","0711008"
"0110076","0711006"
"0110077","0711003"
"0110078","0110078"
"0110079","0711001"
"0110080","0711014"
"0110081","0711010"
"0110082","0110082"
"0110083","0110083"
"0110084","0711011"
"0110085","0711009"
"0180001","0718001"
"0180002","0718001"
"0180003","0718005"
"0180004","0718002"
"0180005","0718005"
"0180006","0718001"
"0180007","0718003"
"0180008","0718003"
"0180009","0718003"
"0180010","0718001"
"0180011","0718002"
"0180012","0718004"
"0180013","0718002"
"0180014","0718001"
"0180015","0718001"
"0180016","0718002"
"0180017","0180017"
"0180018","0718004"
"0180019","0718004"
"0180020","0718003"
"0180021","0718002"
"0180022","0718004"
"0180023","0718004"
"0180024","0718004"
"0200001","0720007"
"0200002","0720008"
"0200003","0720008"
"0200004","0720008"
"0200005","0720008"
"0200006","0720011"
"0200007","0720011"
"0200008","0720012"
"0200009","0720014"
"0200010","0720015"
"0200011","0720014"
"0200012","0720015"
"0200013","0720012"
"0200014","0720018"
"0200015","0720012"
"0200016","0720012"
"0200017","0720012"
"0200018","0720009"
"0200019","0720009"
"0200020","0720019"
"0200021","0720019"
"0200022","0720019"
"0200023","0720015"
"0200024","0720016"
"0200025","0720015"
"0200026","0720016"
"0200027","0720011"
"0200028","0200028"
"0200029","0720008"
"0200030","0720010"
"0200031","0720010"
"0200032","0720020"
"0200033","0200033"
"0200034","0200034"
"0200035","0720021"
"0200036","0720021"
"0200037","0720005"
"0200038","0720005"
"0200039","0720005"
"0200040","0720005"
"0200041","0720005"
"0200042","0200042"
"0200043","0720013"
"0200044","0720023"
"0200045","0720003"
"0200046","0720003"
"0200047","0720003"
"0200048","0720023"
"0200049","0720003"
"0200050","0720023"
"0200051","0720025"
"0200052","0720025"
"0200053","0720026"
"0200054","0200054"
"0200055","0200055"
"0200056","0720027"
"0200057","0720027"
"0200058","0720011"
"0200059","0720024"
"0200060","0720028"
"0200061","0720029"
"0200062","0720017"
"0200063","0720029"
"0200064","0720029"
"0200065","0720017"
"0200066","0720029"
"0200067","0720029"
"0200068","0720001"
"0200069","0720024"
"0200070","0720029"
"0200071","0720018"
"0200072","0720010"
"0200073","0720006"
"0200074","0720006"
"0200075","0720006"
"0200076","0720006"
"0200077","0720005"
"0200078","0720023"
"0200079","0720026"
"0200080","0720017"
"0200081","0200081"
"0200082","0720027"
"0200083","0720027"
"0200084","0720028"
"0200085","0720028"
"0200086","0720028"
"0200087","0200087"
"0200088","0720022"
"0200089","0720031"
"0200090","0720032"
"0200091","0720033"
"0200092","0720008"
"0200093","0720011"
"0200094","0720033"
"0200095","0720034"
"0200096","0720030"
"0200097","0720030"
"0200098","0720019"
"0200099","0720022"
"0200100","0200100"
"0200101","0200101"
"0200102","0720002"
"0200103","0720002"
"0200104","0720035"
"0200105","0720031"
"0200106","0720034"
"0200107","0720032"
"0200108","0200108"
"0200109","0200109"
"0200110","0720007"
"0200111","0720011"
"0200112","0720012"
"0200113","0720020"
"0200114","0720020"
"0200115","0720025"
"0200116","0720026"
"0200117","0200117"
"0200118","0720004"
"0200119","0720004"
"0200120","0720004"
"0200121","0720016"
"0200122","0720016"
"0200123","0720001"
"0200124","0720001"
"0200125","0720035"
"0200126","0720022"
"0200127","0720019"
"0200128","0720019"
"0200129","0200129"
"0200130","0200130"
"0200131","0720013"
"0200132","0720013"
"0200133","0720026"
"0200134","0200134"
"0200135","0200135"
"0200136","0200136"
"0200137","0720003"
"0200138","0720003"
"0200139","0200139"
"0200140","0720015"
"0200141","0720032"
"0200142","0720007"
"0200143","0720009"
"0200144","0720014"
"0200145","0720010"
"0200146","0200146"
"0200147","0720025"
"0200148","0720013"
"0200149","0720023"
"0200150","0720020"
"0230001","0723001"
"0230002","0723002"
"0230003","0723002"
"0230004","0723003"
"0230005","0723004"
"0230006","0723003"
"0230007","0723004"
"0230008","0723002"
"0230009","0723002"
"0230010","0723001"
"0230011","0723001"
"0230012","0723003"
"0230013","0723003"
"0230014","0723003"
"0250001","0725001"
"0250002","0725004"
"0250003","0250003"
"0250004","0250004"
"0250005","0250005"
"0250006","0250006"
"0250007","0725012"
"0250008","0725005"
"0250009","0250009"
"0250010","0725005"
"0250011","0250011"
"0250012","0250012"
"0250013","0725013"
"0250014","0250014"
"0250015","0725007"
"0250016","0250016"
"0250017","0725012"
"0250018","0250018"
"0250019","0250019"
"0250020","0250020"
"0250021","0725001"
"0250022","0250022"
"0250023","0725015"
"0250024","0725011"
"0250025","0250025"
"0250026","0725011"
"0250027","0725002"
"0250028","0725001"
"0250029","0725001"
"0250030","0725007"
"0250031","0725009"
"0250032","0725008"
"0250033","0725009"
"0250034","0250034"
"0250035","0250035"
"0250036","0725003"
"0250037","0725016"
"0250038","0250038"
"0250039","0725001"
"0250040","0725003"
"0250041","0250041"
"0250042","0725016"
"0250043","0725006"
"0250044","0725006"
"0250045","0725008"
"0250046","0250046"
"0250047","0250047"
"0250048","0725010"
"0250049","0250049"
"0250050","0725010"
"0250051","0250051"
"0250052","0725006"
"0250053","0725014"
"0250054","0725013"
"0250055","0725013"
"0250056","0725014"
"0250057","0725013"
"0250058","0725016"
"0250059","0725016"
"0250060","0725011"
"0250061","0725015"
"0250062","0725004"
"0250063","0725005"
"0250064","0725016"
"0250065","0250065"
"0250066","0725007"
"0250067","0725001"
"0250068","0725002"
"0260001","0726001"
"0260002","0726004"
"0260003","0726002"
"0260004","0726006"
"0260005","0726004"
"0260006","0726001"
"0260007","0726003"
"0260008","0726002"
"0260009","0726004"
"0260010","0726004"
"0260011","0726005"
"0260012","0726005"
"0260013","0726004"
"0260014","0726005"
"0260015","0726002"
"0260016","0726001"
"0260017","0726001"
"0260018","0726003"
"0260019","0726001"
"0260020","0726002"
"0260021","0726002"
"0260022","0726006"
"0300001","0730001"
"0300002","0730001"
"0300003","0300003"
"0300004","0300004"
"0300005","0300005"
"0300006","0730001"
"0300007","0300007"
"0300008","0730002"
"0300009","0730002"
"0300010","0730003"
"0300011","0300011"
"0300012","0730005"
"0300013","0730004"
"0300014","0730004"
"0300015","0730003"
"0300016","0730004"
"0300017","0730004"
"0300018","0730004"
"0300019","0300019"
"0300020","0300020"
"0300021","0730003"
"0300022","0730003"
"0300023","0730003"
"0300024","0730005"
"0300025","0300025"
"0310001","0731001"
"0310002","0731002"
"0310003","0731003"
"0310004","0310004"
"0310005","0731004"
"0310006","0731004"
"0310007","0731002"
"0310008","0731002"
"0310009","0310009"
"0310010","0731002"
"0310011","0731005"
"0310012","0731001"
"0310013","0731001"
"0310014","0731004"
"0310015","0731005"
"0310016","0310016"
"0310017","0731002"
"0310018","0731007"
"0310019","0731004"
"0310020","0731007"
"0310021","0731002"
"0310022","0310022"
"0310023","0310023"
"0310024","0310024"
"0310025","0310025"
"0310026","0731008"
"0310027","0731008"
"0310028","0731008"
"0310029","0731011"
"0310030","0731011"
"0310031","0731009"
"0310032","0731005"
"0310033","0731010"
"0310034","0731010"
"0310035","0731014"
"0310036","0731014"
"0310037","0731014"
"0310038","0731014"
"0310039","0731005"
"0310040","0731015"
"0310041","0731015"
"0310042","0731016"
"0310043","0731016"
"0310044","0731009"
"0310045","0731003"
"0310046","0731012"
"0310047","0731012"
"0310048","0731012"
"0310049","0731013"
"0310050","0731009"
"0310051","0731008"
"0310052","0310052"
"0310053","0731006"
"0310054","0731006"
"0310055","0731013"
"0360001","0736001"
"0360002","0736003"
"0360003","0736002"
"0360004","0736005"
"0360005","0736004"
"0360006","0736008"
"0360007","0736003"
"0360008","0736009"
"0360009","0736006"
"0360010","0360010"
"0360011","0736009"
"0360012","0736005"
"0360013","0736002"
"0360014","0736004"
"0360015","0736009"
"0360016","0736010"
"0360017","0736005"
"0360018","0736002"
"0360019","0736006"
"0360020","0360020"
"0360021","0736001"
"0360022","0736007"
"0360023","0736007"
"0360024","0736003"
"0360025","0736002"
"0360026","0736006"
"0360027","0736001"
"0360028","0736001"
"0360029","0736006"
"0360030","0736008"
"0360031","0736011"
"0360032","0736011"
"0360033","0736010"
"0360034","0736006"
"0360035","0736003"
"0360036","0736004"
"0360037","0736002"
"0360038","0736003"
"0360039","0736006"
"0400001","0400001"
"0400002","0740019"
"0400003","0400003"
"0400004","0740019"
"0400005","0400005"
"0400006","0740020"
"0400007","0740020"
"0400008","0400008"
"0400009","0740020"
"0400010","0400010"
"0400011","0400011"
"0400012","0740020"
"0400013","0400013"
"0400014","0740001"
"0400015","0740001"
"0400016","0740025"
"0400017","0740008"
"0400018","0740008"
"0400019","0740008"
"0400020","0740008"
"0400021","0740021"
"0400022","0740021"
"0400023","0740008"
"0400024","0740021"
"0400025","0740008"
"0400026","0740022"
"0400027","0740022"
"0400028","0740022"
"0400029","0740022"
"0400030","0740022"
"0400031","0740021"
"0400032","0400032"
"0400033","0740025"
"0400034","0740025"
"0400035","0740025"
"0400036","0740025"
"0400037","0740006"
"0400038","0740006"
"0400039","0740006"
"0400040","0740006"
"0400041","0740006"
"0400042","0740006"
"0400043","0740007"
"0400044","0740007"
"0400045","0740007"
"0400046","0740004"
"0400047","0740004"
"0400048","0740004"
"0400049","0740004"
"0400050","0740025"
"0400051","0740004"
"0400052","0740002"
"0400053","0740005"
"0400054","0740003"
"0400055","0740001"
"0400056","0740003"
"0400057","0740005"
"0400058","0740002"
"0400059","0740002"
"0400060","0740002"
"0400061","0740005"
"0400062","0740009"
"0400063","0740010"
"0400064","0740010"
"0400065","0740010"
"0400066","0740010"
"0400067","0740010"
"0400068","0740026"
"0400069","0740026"
"0400070","0740026"
"0400071","0400071"
"0400072","0740026"
"0400073","0740003"
"0400074","0740001"
"0400075","0740001"
"0400076","0400076"
"0400077","0740002"
"0400078","0740002"
"0400079","0740001"
"0400080","0740003"
"0400081","0740003"
"0400082","0740003"
"0400083","0740011"
"0400084","0740011"
"0400085","0740011"
"0400086","0740027"
"0400087","0740028"
"0400088","0740028"
"0400089","0740027"
"0400090","0740022"
"0400091","0740023"
"0400092","0740023"
"0400093","0740026"
"0400094","0740029"
"0400095","0740029"
"0400096","0740029"
"0400097","0740030"
"0400098","0740030"
"0400099","0740028"
"0400100","0740028"
"0400101","0740028"
"0400102","0740028"
"0400103","0740031"
"0400104","0740012"
"0400105","0740031"
"0400106","0740031"
"0400107","0740012"
"0400108","0740029"
"0400109","0400109"
"0400110","0740031"
"0400111","0400111"
"0400112","0740023"
"0400113","0740023"
"0400114","0740032"
"0400115","0740032"
"0400116","0400116"
"0400117","0400117"
"0400118","0400118"
"0400119","0740010"
"0400120","0740032"
"0400121","0740013"
"0400122","0740027"
"0400123","0740007"
"0400124","0400124"
"0400125","0740004"
"0400126","0740014"
"0400127","0740014"
"0400128","0740015"
"0400129","0740009"
"0400130","0740009"
"0400131","0740009"
"0400132","0740016"
"0400133","0740016"
"0400134","0740016"
"0400135","0740017"
"0400136","0740014"
"0400137","0740009"
"0400138","0740009"
"0400139","0740014"
"0400140","0740014"
"0400141","0740011"
"0400142","0740021"
"0400143","0740024"
"0400144","0740024"
"0400145","0740015"
"0400146","0740024"
"0400147","0740014"
"0400148","0740024"
"0400149","0740024"
"0400150","0740029"
"0400151","0740023"
"0400152","0740023"
"0400153","0740031"
"0400154","0740029"
"0400155","0740027"
"0400156","0740027"
"0400157","0740027"
"0400158","0740007"
"0400159","0740007"
"0400160","0740018"
"0400161","0740017"
"0400162","0740017"
"0400163","0740017"
"0400164","0740018"
"0400165","0740018"
"0400166","0740013"
"0400167","0740012"
"0400168","0740017"
"0400169","0400169"
"0400170","0400170"
"0400171","0740031"
"0400172","0740013"
"0400173","0740011"
"0400174","0740021"
"0400175","0740011"
"0400176","0740017"
"0400177","0740012"
"0400178","0400178"
"0400179","0740012"
"0400180","0740012"
"0410000","0741001"
"0410001","0741002"
"0410002","0741003"
"0410003","0741003"
"0410004","0741008"
"0410005","0741010"
"0410006","0741008"
"0410007","0410007"
"0410008","0410008"
"0410009","0741011"
"0410010","0741012"
"0410011","0741004"
"0410012","0741004"
"0410013","0741005"
"0410014","0741002"
"0410015","0741003"
"0410016","0741006"
"0410017","0410017"
"0410018","0741005"
"0410019","0741008"
"0410020","0741011"
"0410021","0741011"
"0410022","0410022"
"0410023","0741001"
"0410024","0741004"
"0410025","0741002"
"0410026","0741011"
"0410027","0741012"
"0410028","0741005"
"0410029","0741002"
"0410030","0741005"
"0410031","0741003"
"0410032","0741006"
"0410033","0741006"
"0410034","0741003"
"0410035","0741003"
"0410036","0741001"
"0410037","0741005"
"0410038","0741005"
"0410039","0741001"
"0410040","0741002"
"0410041","0410041"
"0410042","0741007"
"0410043","0741007"
"0410044","0741009"
"0410045","0741009"
"0410046","0410046"
"0410047","0741009"
"0410048","0741004"
"0410049","0741009"
"0410050","0741010"
"0410051","0410051"
"0410052","0741009"
"0410054","0741004"
"0410055","0741004"
"0410056","0741002"
"0410057","0741001"
"0410058","0741001"
"0420001","0420001"
"0420002","0420002"
"0420003","0742001"
"0420004","0742001"
"0440001","0440001"
"0440002","0440002"
"0440003","0744001"
"0440004","0744001"
"0440005","0440005"
"0440006","0440006"
"0490001","0749001"
"0490002","0749001"
"0490003","0749009"
"0490004","0749007"
"0490005","0749009"
"0490006","0749010"
"0490007","0749010"
"0490008","0749004"
"0490009","0749004"
"0490010","0749006"
"0490011","0749013"
"0490012","0749013"
"0490013","0749001"
"0490014","0749014"
"0490015","0749014"
"0490016","0749005"
"0490017","0749002"
"0490018","0749001"
"0490019","0749001"
"0490020","0749009"
"0490021","0749007"
"0490022","0749008"
"0490023","0749004"
"0490024","0749008"
"0490025","0749011"
"0490026","0749012"
"0490027","0749006"
"0490028","0749006"
"0490029","0749003"
"0490030","0749011"
"0490031","0749005"
"0490032","0749005"
"0490033","0749005"
"0490034","0749007"
"0490035","0749007"
"0490036","0749002"
"0490037","0749007"
"0490038","0749007"
"0490039","0749013"
"0490040","0749002"
"0490041","0749004"
"0490042","0749012"
"0490043","0749003"
"0490044","0490044"
"0490045","0749012"
"0490046","0749003"
"0490047","0749008"
"0490048","0749004"
"0490049","0490049"
"0490050","0749003"
"0500001","0750033"
"0500002","0750033"
"0500003","0750033"
"0500004","0750035"
"0500005","0750035"
"0500006","0750035"
"0500007","0500007"
"0500008","0500008"
"0500009","0500009"
"0500010","0500010"
"0500011","0750001"
"0500012","0750001"
"0500013","0750032"
"0500014","0750032"
"0500015","0750032"
"0500016","0750036"
"0500017","0750032"
"0500018","0750032"
"0500019","0750036"
"0500020","0750038"
"0500021","0750038"
"0500022","0500022"
"0500023","0750038"
"0500024","0500024"
"0500025","0500025"
"0500026","0500026"
"0500027","0500027"
"0500028","0500028"
"0500030","0750038"
"0500031","0750039"
"0500032","0750039"
"0500033","0750038"
"0500034","0750033"
"0500035","0750033"
"0500036","0750034"
"0500037","0750041"
"0500038","0750041"
"0500039","0750043"
"0500040","0750034"
"0500041","0750034"
"0500042","0750001"
"0500043","0750043"
"0500044","0750035"
"0500045","0750035"
"0500046","0750044"
"0500047","0750044"
"0500048","0750048"
"0500049","0750002"
"0500050","0750049"
"0500051","0750003"
"0500052","0750003"
"0500053","0750003"
"0500054","0750004"
"0500055","0750005"
"0500056","0750005"
"0500057","0750003"
"0500058","0750006"
"0500059","0750007"
"0500060","0750007"
"0500061","0750052"
"0500062","0750008"
"0500063","0750037"
"0500064","0750050"
"0500065","0750052"
"0500066","0750052"
"0500067","0750050"
"0500068","0750003"
"0500069","0750051"
"0500070","0750051"
"0500071","0750052"
"0500072","0750052"
"0500073","0750051"
"0500074","0750040"
"0500075","0750052"
"0500076","0500076"
"0500077","0750054"
"0500078","0750007"
"0500079","0500079"
"0500080","0500080"
"0500081","0500081"
"0500082","0750053"
"0500083","0750045"
"0500084","0750002"
"0500085","0750003"
"0500086","0750009"
"0500087","0500087"
"0500088","0750041"
"0500089","0750010"
"0500090","0750010"
"0500091","0750011"
"0500092","0750011"
"0500093","0750008"
"0500094","0750008"
"0500095","0750036"
"0500096","0750036"
"0500097","0750012"
"0500098","0750012"
"0500099","0750012"
"0500100","0750012"
"0500101","0750013"
"0500102","0750014"
"0500103","0750014"
"0500104","0750013"
"0500105","0750012"
"0500106","0750014"
"0500107","0750014"
"0500108","0750013"
"0500109","0750014"
"0500110","0750010"
"0500111","0750012"
"0500112","0750015"
"0500113","0750014"
"0500114","0750015"
"0500115","0750015"
"0500116","0750015"
"0500117","0750036"
"0500118","0750036"
"0500119","0500119"
"0500120","0750044"
"0500121","0750016"
"0500122","0750016"
"0500123","0750016"
"0500124","0750016"
"0500125","0750044"
"0500126","0750048"
"0500127","0500127"
"0500128","0750011"
"0500129","0750017"
"0500130","0750010"
"0500131","0750013"
"0500132","0500132"
"0500133","0750017"
"0500134","0750010"
"0500135","0750017"
"0500136","0750010"
"0500137","0750055"
"0500138","0750055"
"0500139","0750055"
"0500140","0750055"
"0500141","0750055"
"0500142","0750055"
"0500143","0750044"
"0500144","0750056"
"0500145","0750044"
"0500146","0500146"
"0500147","0750056"
"0500148","0750045"
"0500149","0500149"
"0500150","0750045"
"0500151","0750045"
"0500152","0750009"
"0500153","0750007"
"0500154","0750009"
"0500155","0750007"
"0500156","0750018"
"0500157","0750019"
"0500158","0750045"
"0500159","0750056"
"0500160","0750041"
"0500161","0750042"
"0500162","0500162"
"0500163","0750034"
"0500164","0750034"
"0500165","0750042"
"0500166","0750034"
"0500167","0750020"
"0500168","0750049"
"0500170","0750020"
"0500171","0750002"
"0500172","0750040"
"0500173","0750040"
"0500174","0750057"
"0500175","0750040"
"0500176","0750040"
"0500177","0750057"
"0500178","0750004"
"0500179","0500179"
"0500180","0750021"
"0500181","0750021"
"0500182","0750005"
"0500183","0750021"
"0500184","0750021"
"0500185","0750021"
"0500186","0750021"
"0500187","0750039"
"0500188","0750054"
"0500189","0750022"
"0500190","0750022"
"0500191","0750022"
"0500192","0750001"
"0500193","0750022"
"0500194","0750001"
"0500195","0750023"
"0500196","0750022"
"0500197","0750001"
"0500198","0500198"
"0500199","0750009"
"0500200","0750009"
"0500201","0750004"
"0500202","0500202"
"0500203","0750023"
"0500204","0750005"
"0500205","0750005"
"0500206","0750023"
"0500207","0750005"
"0500208","0500208"
"0500209","0750023"
"0500210","0750023"
"0500211","0750023"
"0500212","0750024"
"0500213","0750024"
"0500214","0750011"
"0500215","0750025"
"0500216","0750006"
"0500217","0750011"
"0500218","0750015"
"0500219","0750026"
"0500220","0750026"
"0500221","0750015"
"0500222","0750026"
"0500223","0750025"
"0500224","0750025"
"0500225","0750024"
"0500226","0750011"
"0500227","0750024"
"0500228","0750024"
"0500229","0750006"
"0500230","0750004"
"0500231","0750006"
"0500232","0750027"
"0500233","0750028"
"0500234","0750006"
"0500235","0750006"
"0500236","0750028"
"0500237","0750026"
"0500238","0500238"
"0500239","0750026"
"0500240","0750027"
"0500241","0750027"
"0500242","0750027"
"0500243","0750029"
"0500244","0750030"
"0500245","0750027"
"0500246","0750026"
"0500247","0750024"
"0500248","0750030"
"0500249","0750029"
"0500250","0750025"
"0500251","0500251"
"0500252","0750025"
"0500253","0750025"
"0500254","0750008"
"0500255","0750013"
"0500256","0750017"
"0500257","0750027"
"0500258","0750028"
"0500259","0750007"
"0500260","0750056"
"0500261","0500261"
"0500262","0750037"
"0500263","0750018"
"0500264","0500264"
"0500265","0750018"
"0500266","0750019"
"0500267","0750018"
"0500268","0750031"
"0500269","0750031"
"0500270","0750018"
"0500271","0750018"
"0500272","0750017"
"0500273","0500273"
"0500274","0750019"
"0500275","0750020"
"0500276","0750017"
"0500277","0750019"
"0500278","0500278"
"0500279","0750046"
"0500280","0750047"
"0500281","0750008"
"0500282","0750050"
"0500283","0750053"
"0500284","0750050"
"0500285","0750050"
"0500286","0750047"
"0500287","0750051"
"0500288","0750039"
"0500289","0750039"
"0500290","0750039"
"0500291","0750051"
"0500292","0500292"
"0500293","0500293"
"0500294","0500294"
"0500295","0750056"
"0500296","0750056"
"0500297","0750020"
"0500298","0750045"
"0500299","0750046"
"0500300","0750046"
"0500301","0750046"
"0500302","0500302"
"0500303","0750008"
"0500304","0750048"
"0500305","0750048"
"0500306","0500306"
"0500307","0500307"
"0510001","0751001"
"0510002","0751002"
"0510003","0751003"
"0510004","0751004"
"0510005","0510005"
"0510006","0751001"
"0510007","0510007"
"0510008","0510008"
"0510009","0510009"
"0510010","0510010"
"0510011","0510011"
"0510012","0510012"
"0510013","0510013"
"0510014","0751005"
"0510015","0510015"
"0510016","0751005"
"0510017","0751005"
"0510018","0751006"
"0510019","0751006"
"0510020","0751006"
"0510021","0751006"
"0510022","0751007"
"0510023","0751007"
"0510024","0751002"
"0510025","0751001"
"0510026","0510026"
"0510027","0510027"
"0510028","0510028"
"0510029","0751003"
"0510030","0751002"
"0510031","0751002"
"0510032","0751002"
"0510033","0510033"
"0510034","0751007"
"0510035","0751006"
"0510036","0751004"
"0510037","0751006"
"0510038","0510038"
"0570001","0757001"
"0570002","0757002"
"0570003","0757001"
"0570004","0570004"
"0570005","0757002"
"0570006","0757001"
"0570007","0570007"
"0570008","0757001"
"0570009","0570009"
"0570010","0570010"
"0570011","0757002"
